nestl_bw,nestl_fws,sex,nestl,sex_ratio,incomplete,nestl_age,nestl_r_tars,nestl_mass,ln_nestl_r_tars,ln_nestl_mass,nestl_scaled_mass,mean_brood_mass,sd_brood_mass,nest_id,year,plot,elevation,treatment,female_fws,female_bands,female_age,female_r_tars,female_mass,ln_female_r_tars,ln_female_mass,ln_female_scaled_mass,male_fws,male_bands,male_age,ccd,ccd_ord,eggs,hd,hd_ord,hatched,fd,fd_ord,fledged,fate,period,caterpillar_biomass_nestl,ln_caterpillar_biomass_nestl
4768,2510-08118,0,4,0.5,,6,16.66,7.2,2.813010637,1.974081026,7.098803613,8,0.559761854,"""07-160""",2007,HB-mid,High,Control,2460-33037,"KG,KA",ASY,18.84,11.1,2.935982269,2.406945108,11.09432126,2430-61592,"A,WO",ASY,6/13/07,164,4,6/25/07,176,4,7/4/07,185,4,FLEDGED,1,12.43382572,2.52042064
4769,2510-08119,0,4,0.5,,6,16.78,8.5,2.820187701,2.140066163,8.310334682,8,0.559761854,"""07-160""",2007,HB-mid,High,Control,2460-33037,"KG,KA",ASY,18.84,11.1,2.935982269,2.406945108,11.09432126,2430-61592,"A,WO",ASY,6/13/07,164,4,6/25/07,176,4,7/4/07,185,4,FLEDGED,1,12.43382572,2.52042064
4770,2510-08120,1,4,0.5,,6,16.33,8.1,2.793003907,2.091864062,8.175625172,8,0.559761854,"""07-160""",2007,HB-mid,High,Control,2460-33037,"KG,KA",ASY,18.84,11.1,2.935982269,2.406945108,11.09432126,2430-61592,"A,WO",ASY,6/13/07,164,4,6/25/07,176,4,7/4/07,185,4,FLEDGED,1,12.43382572,2.52042064
4771,2510-08121,1,4,0.5,,6,17.04,8.2,2.835563521,2.104134154,7.873852124,8,0.559761854,"""07-160""",2007,HB-mid,High,Control,2460-33037,"KG,KA",ASY,18.84,11.1,2.935982269,2.406945108,11.09432126,2430-61592,"A,WO",ASY,6/13/07,164,4,6/25/07,176,4,7/4/07,185,4,FLEDGED,1,12.43382572,2.52042064
4822,2460-33075,1,4,0.5,,6,15.8,8.5,2.76000994,2.140066163,8.917612186,8.1875,1.179247642,"""07-163""",2007,HB-main,High,Fed,2460-33036,"GO,OA",SY,18.16,10.1,2.899221373,2.312535424,10.10441165,2460-33030,"A,PK",SY,6/13/07,164,4,6/25/07,176,4,7/2/07,183,0,failed: pred,1,24.26287665,3.188947472
4823,2460-33076,0,4,0.5,,6,16.1,9.25,2.778819272,2.224623552,9.492870751,8.1875,1.179247642,"""07-163""",2007,HB-main,High,Fed,2460-33036,"GO,OA",SY,18.16,10.1,2.899221373,2.312535424,10.10441165,2460-33030,"A,PK",SY,6/13/07,164,4,6/25/07,176,4,7/2/07,183,0,failed: pred,1,24.26287665,3.188947472
4824,2460-33077,0,4,0.5,,6,15.7,8.5,2.753660712,2.140066163,8.984218278,8.1875,1.179247642,"""07-163""",2007,HB-main,High,Fed,2460-33036,"GO,OA",SY,18.16,10.1,2.899221373,2.312535424,10.10441165,2460-33030,"A,PK",SY,6/13/07,164,4,6/25/07,176,4,7/2/07,183,0,failed: pred,1,24.26287665,3.188947472
4825,2460-33079,1,4,0.5,,6,14.7,6.5,2.687847494,1.871802177,7.421184043,8.1875,1.179247642,"""07-163""",2007,HB-main,High,Fed,2460-33036,"GO,OA",SY,18.16,10.1,2.899221373,2.312535424,10.10441165,2460-33030,"A,PK",SY,6/13/07,164,4,6/25/07,176,4,7/2/07,183,0,failed: pred,1,24.26287665,3.188947472
4774,2460-33084,1,4,0.5,,6,16.7,8.3,2.815408719,2.116255515,8.160375626,8.175,0.419324854,"""07-177""",2007,HB-mid,High,Fed,2460-33070,"RO,RA",SY,17.54,10.5,2.864483987,2.351375257,10.51400506,2460-33002,"Y,AK",ASY,6/16/07,167,4,6/28/07,179,4,7/7/07,188,4,FLEDGED,1,9.093677543,2.207579397
4775,2460-33085,1,4,0.5,,6,15.3,7.6,2.727852828,2.028148247,8.27963129,8.175,0.419324854,"""07-177""",2007,HB-mid,High,Fed,2460-33070,"RO,RA",SY,17.54,10.5,2.864483987,2.351375257,10.51400506,2460-33002,"Y,AK",ASY,6/16/07,167,4,6/28/07,179,4,7/7/07,188,4,FLEDGED,1,9.093677543,2.207579397
4776,2460-33086,0,4,0.5,,6,16.6,8.2,2.809402695,2.104134154,8.119007358,8.175,0.419324854,"""07-177""",2007,HB-mid,High,Fed,2460-33070,"RO,RA",SY,17.54,10.5,2.864483987,2.351375257,10.51400506,2460-33002,"Y,AK",ASY,6/16/07,167,4,6/28/07,179,4,7/7/07,188,4,FLEDGED,1,9.093677543,2.207579397
4777,2460-33087,0,4,0.5,,6,16.9,8.6,2.827313622,2.151762203,8.338174797,8.175,0.419324854,"""07-177""",2007,HB-mid,High,Fed,2460-33070,"RO,RA",SY,17.54,10.5,2.864483987,2.351375257,10.51400506,2460-33002,"Y,AK",ASY,6/16/07,167,4,6/28/07,179,4,7/7/07,188,4,FLEDGED,1,9.093677543,2.207579397
4830,2460-33088,1,4,0.75,,6,16,9,2.772588722,2.197224577,9.303998925,8.375,0.478713554,"""07-194""",2007,HB-mid,High,Control,2430-61711,"A,YP",ASY,18.11,10.2,2.896464272,2.32238772,10.20518123,2460-33034,"KY,KA",ASY,6/17/07,168,4,6/29/07,180,4,7/7/07,188,4,FLEDGED,1,17.9388595,2.886969282
4831,2460-33089,0,4,0.75,,6,15.9,8,2.766319109,2.079441542,8.331214555,8.375,0.478713554,"""07-194""",2007,HB-mid,High,Control,2430-61711,"A,YP",ASY,18.11,10.2,2.896464272,2.32238772,10.20518123,2460-33034,"KY,KA",ASY,6/17/07,168,4,6/29/07,180,4,7/7/07,188,4,FLEDGED,1,17.9388595,2.886969282
4832,2460-33090,1,4,0.75,,6,16.5,8.5,2.803360381,2.140066163,8.475854735,8.375,0.478713554,"""07-194""",2007,HB-mid,High,Control,2430-61711,"A,YP",ASY,18.11,10.2,2.896464272,2.32238772,10.20518123,2460-33034,"KY,KA",ASY,6/17/07,168,4,6/29/07,180,4,7/7/07,188,4,FLEDGED,1,17.9388595,2.886969282
4833,2460-33091,1,4,0.75,,6,16.8,8,2.821378886,2.079441542,7.810579741,8.375,0.478713554,"""07-194""",2007,HB-mid,High,Control,2430-61711,"A,YP",ASY,18.11,10.2,2.896464272,2.32238772,10.20518123,2460-33034,"KY,KA",ASY,6/17/07,168,4,6/29/07,180,4,7/7/07,188,4,FLEDGED,1,17.9388595,2.886969282
5032,2510-08137,1,4,0.25,,6,15.6,7.75,2.747270914,2.047692843,8.25306822,7.5,0.841625412,"""07-211""",2007,HB-main,High,Control,2460-32992,"AR,B",SY,18.08,9.2,2.894806355,2.219203484,9.205066999,2460-32993,"P,AW",SY,6/22/07,173,4,7/4/07,185,4,7/12/07,193,0,failed: pred,2,59.33587718,4.083214135
5033,2510-08138,0,4,0.25,,6,16,8,2.772588722,2.079441542,8.270221267,7.5,0.841625412,"""07-211""",2007,HB-main,High,Control,2460-32992,"AR,B",SY,18.08,9.2,2.894806355,2.219203484,9.205066999,2460-32993,"P,AW",SY,6/22/07,173,4,7/4/07,185,4,7/12/07,193,0,failed: pred,2,59.33587718,4.083214135
5034,2510-08139,0,4,0.25,,6,14.4,6.25,2.667228207,1.832581464,7.310295598,7.5,0.841625412,"""07-211""",2007,HB-main,High,Control,2460-32992,"AR,B",SY,18.08,9.2,2.894806355,2.219203484,9.205066999,2460-32993,"P,AW",SY,6/22/07,173,4,7/4/07,185,4,7/12/07,193,0,failed: pred,2,59.33587718,4.083214135
5035,2510-08140,0,4,0.25,,6,15.3,8,2.727852828,2.079441542,8.715401358,7.5,0.841625412,"""07-211""",2007,HB-main,High,Control,2460-32992,"AR,B",SY,18.08,9.2,2.894806355,2.219203484,9.205066999,2460-32993,"P,AW",SY,6/22/07,173,4,7/4/07,185,4,7/12/07,193,0,failed: pred,2,59.33587718,4.083214135
5028,2510-08133,1,4,0.75,,6,16.1,8,2.778819272,2.079441542,8.210050379,7.75,0.5,"""07-212""",2007,HB-main,High,Fed,2510-08104,"YY,YA",SY,17.68,10.5,2.872434057,2.351375257,10.51184873,2460-33031,"WO,WA",SY,6/21/07,172,4,7/3/07,184,4,7/10/07,191,0,failed: pred,2,26.90045801,3.292143313
5029,2510-08134,1,4,0.75,,6,16.1,7,2.778819272,1.945910149,7.183794082,7.75,0.5,"""07-212""",2007,HB-main,High,Fed,2510-08104,"YY,YA",SY,17.68,10.5,2.872434057,2.351375257,10.51184873,2460-33031,"WO,WA",SY,6/21/07,172,4,7/3/07,184,4,7/10/07,191,0,failed: pred,2,26.90045801,3.292143313
5030,2510-08135,1,4,0.75,,6,15.4,8,2.734367509,2.079441542,8.649110865,7.75,0.5,"""07-212""",2007,HB-main,High,Fed,2510-08104,"YY,YA",SY,17.68,10.5,2.872434057,2.351375257,10.51184873,2460-33031,"WO,WA",SY,6/21/07,172,4,7/3/07,184,4,7/10/07,191,0,failed: pred,2,26.90045801,3.292143313
5031,2510-08136,0,4,0.75,,6,17.1,8,2.839078464,2.079441542,7.650226745,7.75,0.5,"""07-212""",2007,HB-main,High,Fed,2510-08104,"YY,YA",SY,17.68,10.5,2.872434057,2.351375257,10.51184873,2460-33031,"WO,WA",SY,6/21/07,172,4,7/3/07,184,4,7/10/07,191,0,failed: pred,2,26.90045801,3.292143313
4886,2510-09701,1,3,,Y,6,17.3,8.25,2.850706502,2.1102132,7.782509822,,,"""07-317""",2007,HB-mid,High,Fed,2460-33010,"OO,YA",ASY,17.97,11.6,2.888703701,2.451005098,11.60821638,2430-61595,"O,AG",ASY,7/10/07,191,3,7/23/07,204,2,8/1/07,213,2,FLEDGED,3,35.03966301,3.556480649
4887,2510-09702,0,3,,Y,6,16.8,8,2.821378886,2.079441542,7.810579741,,,"""07-317""",2007,HB-mid,High,Fed,2460-33010,"OO,YA",ASY,17.97,11.6,2.888703701,2.451005098,11.60821638,2430-61595,"O,AG",ASY,7/10/07,191,3,7/23/07,204,2,8/1/07,213,2,FLEDGED,3,35.03966301,3.556480649
UNK1,UNK1,,3,,Y,6,,,,,,,,"""07-317""",2007,HB-mid,High,Fed,2460-33010,"OO,YA",ASY,17.97,11.6,2.888703701,2.451005098,11.60821638,2430-61595,"O,AG",ASY,7/10/07,191,3,7/23/07,204,2,8/1/07,213,2,FLEDGED,3,35.03966301,3.556480649
4806,2510-08199,1,4,0.25,,6,16.9,7.7,2.827313622,2.041220329,7.465575109,7.625,0.25,"""07-319""",2007,HB-outer,High,Control,2510-08167,"BY,GA",ASY,18.8,,2.93385687,,,2430-61596,"O,AB",ASY,7/9/07,190,4,7/21/07,202,4,7/30/07,211,4,FLEDGED,3,61.10752884,4.11263508
5065,2510-08196,0,4,0.25,,6,15.8,7.3,2.76000994,1.987874348,7.658655172,7.625,0.25,"""07-319""",2007,HB-outer,High,Control,2510-08167,"BY,GA",ASY,18.8,,2.93385687,,,2430-61596,"O,AB",ASY,7/9/07,190,4,7/21/07,202,4,7/30/07,211,4,FLEDGED,3,61.10752884,4.11263508
5066,2510-08197,0,4,0.25,,6,16.3,7.9,2.791165108,2.066862759,7.990960441,7.625,0.25,"""07-319""",2007,HB-outer,High,Control,2510-08167,"BY,GA",ASY,18.8,,2.93385687,,,2430-61596,"O,AB",ASY,7/9/07,190,4,7/21/07,202,4,7/30/07,211,4,FLEDGED,3,61.10752884,4.11263508
5067,2510-08198,0,4,0.25,,6,16.4,7.6,2.797281335,2.028148247,7.63259756,7.625,0.25,"""07-319""",2007,HB-outer,High,Control,2510-08167,"BY,GA",ASY,18.8,,2.93385687,,,2430-61596,"O,AB",ASY,7/9/07,190,4,7/21/07,202,4,7/30/07,211,4,FLEDGED,3,61.10752884,4.11263508
4901,2510-09716,1,3,1,,6,16.5,7.4,2.803360381,2.00148,7.378979417,8.066666667,0.65064071,"""07-347""",2007,HB-main,High,Fed,2510-08104,"YY,YA",SY,17.68,10.5,2.872434057,2.351375257,10.51184873,2460-33031,"WO,WA",SY,7/18/07,199,3,7/30/07,211,3,8/8/07,220,3,FLEDGED,4,92.00821541,4.521877871
4902,2510-09717,1,3,1,,6,17.1,8.1,2.839078464,2.091864062,7.745854579,8.066666667,0.65064071,"""07-347""",2007,HB-main,High,Fed,2510-08104,"YY,YA",SY,17.68,10.5,2.872434057,2.351375257,10.51184873,2460-33031,"WO,WA",SY,7/18/07,199,3,7/30/07,211,3,8/8/07,220,3,FLEDGED,4,92.00821541,4.521877871
4903,2510-09718,1,3,1,,6,17.2,8.7,2.844909384,2.163323026,8.262960461,8.066666667,0.65064071,"""07-347""",2007,HB-main,High,Fed,2510-08104,"YY,YA",SY,17.68,10.5,2.872434057,2.351375257,10.51184873,2460-33031,"WO,WA",SY,7/18/07,199,3,7/30/07,211,3,8/8/07,220,3,FLEDGED,4,92.00821541,4.521877871
4911,2510-09726,0,3,0.67,,5,15.5,8,2.740840024,2.079441542,8.583748777,6.633333333,1.209683154,"""07-367""",2007,HB-main,High,Control,2460-33036,"GO,OA",SY,18.16,10.1,2.899221373,2.312535424,10.10441165,2460-33030,"A,PK",SY,7/28/07,209,3,8/8/07,220,3,8/16/07,228,3,FLEDGED,4,367.1332489,5.905724858
4953,2510-09727,1,3,0.67,,5,13.8,6.2,2.624668592,1.824549292,7.622705864,6.633333333,1.209683154,"""07-367""",2007,HB-main,High,Control,2460-33036,"GO,OA",SY,18.16,10.1,2.899221373,2.312535424,10.10441165,2460-33030,"A,PK",SY,7/28/07,209,3,8/8/07,220,3,8/16/07,228,3,FLEDGED,4,367.1332489,5.905724858
4954,2510-09728,1,3,0.67,,5,13.1,5.7,2.57261223,1.740466175,7.448840226,6.633333333,1.209683154,"""07-367""",2007,HB-main,High,Control,2460-33036,"GO,OA",SY,18.16,10.1,2.899221373,2.312535424,10.10441165,2460-33030,"A,PK",SY,7/28/07,209,3,8/8/07,220,3,8/16/07,228,3,FLEDGED,4,367.1332489,5.905724858
4904,2510-09719,0,3,0.33,,6,16.5,7.2,2.803360381,1.974081026,7.179547541,8,0.692820323,"""07-369""",2007,HB-mid,High,Control,2430-61711,"A,YP",ASY,18.11,10.2,2.896464272,2.32238772,10.20518123,2460-33034,"KY,KA",ASY,7/14/07,195,3,7/30/07,211,3,8/9/07,221,3,FLEDGED,3,72.74898377,4.287014937
4905,2510-09720,0,3,0.33,,6,17.3,8.4,2.850706502,2.128231706,7.924010001,8,0.692820323,"""07-369""",2007,HB-mid,High,Control,2430-61711,"A,YP",ASY,18.11,10.2,2.896464272,2.32238772,10.20518123,2460-33034,"KY,KA",ASY,7/14/07,195,3,7/30/07,211,3,8/9/07,221,3,FLEDGED,3,72.74898377,4.287014937
4906,2510-09721,1,3,0.33,,6,17.3,8.4,2.850706502,2.128231706,7.924010001,8,0.692820323,"""07-369""",2007,HB-mid,High,Control,2430-61711,"A,YP",ASY,18.11,10.2,2.896464272,2.32238772,10.20518123,2460-33034,"KY,KA",ASY,7/14/07,195,3,7/30/07,211,3,8/9/07,221,3,FLEDGED,3,72.74898377,4.287014937
4955,2510-09729,1,3,0.67,,6,14.45,6.6,2.670694415,1.887069649,7.688375401,7.4,0.8,"""07-374""",2007,HB-main,High,Fed,2510-08189,"BR,BA",ASY,18.45,9.2,2.91506437,2.219203484,9.200257165,2460-33007,"GK,A",ASY,7/29/07,210,3,8/9/07,221,3,8/18/07,230,3,assumed fledged,4,152.772046,5.028946915
4956,2510-09730,1,3,0.67,,6,16.4,7.4,2.797281335,2.00148,7.431739729,7.4,0.8,"""07-374""",2007,HB-main,High,Fed,2510-08189,"BR,BA",ASY,18.45,9.2,2.91506437,2.219203484,9.200257165,2460-33007,"GK,A",ASY,7/29/07,210,3,8/9/07,221,3,8/18/07,230,3,assumed fledged,4,152.772046,5.028946915
4957,2510-09731,0,3,0.67,,6,16.4,8.2,2.797281335,2.104134154,8.235171051,7.4,0.8,"""07-374""",2007,HB-main,High,Fed,2510-08189,"BR,BA",ASY,18.45,9.2,2.91506437,2.219203484,9.200257165,2460-33007,"GK,A",ASY,7/29/07,210,3,8/9/07,221,3,8/18/07,230,3,assumed fledged,4,152.772046,5.028946915
4896,2510-09711,1,3,0.67,,6,17.7,7.6,2.87356464,2.028148247,6.979827441,7.533333333,0.702376917,"""07-375""",2007,HB-outer,High,Control,2510-08103,"RO,BA",SY,19.53,10.5,2.971951745,2.351375257,10.48489359,2280-84328,"AB,K",ASY,7/15/07,196,3,7/26/07,207,3,8/4/07,216,3,FLEDGED,3,162.0522502,5.087918815
4897,2510-09712,0,3,0.67,,6,17.8,8.2,2.879198457,2.104134154,7.481305188,7.533333333,0.702376917,"""07-375""",2007,HB-outer,High,Control,2510-08103,"RO,BA",SY,19.53,10.5,2.971951745,2.351375257,10.48489359,2280-84328,"AB,K",ASY,7/15/07,196,3,7/26/07,207,3,8/4/07,216,3,FLEDGED,3,162.0522502,5.087918815
4898,2510-09713,1,3,0.67,,6,16.5,6.8,2.803360381,1.916922612,6.780683788,7.533333333,0.702376917,"""07-375""",2007,HB-outer,High,Control,2510-08103,"RO,BA",SY,19.53,10.5,2.971951745,2.351375257,10.48489359,2280-84328,"AB,K",ASY,7/15/07,196,3,7/26/07,207,3,8/4/07,216,3,FLEDGED,3,162.0522502,5.087918815
4892,2510-09707,1,4,0.75,,6,16.3,7.6,2.791165108,2.028148247,7.687506247,7.5,0.40824829,"""07-379""",2007,HB-outer,High,Fed,2280-84536,"WA,B",ASY,19.51,11.8,2.970927155,2.468099531,11.78333475,2430-61874,"AW,K",ASY,7/14/07,195,4,7/26/07,207,4,8/5/07,217,4,FLEDGED,3,274.2514334,5.614045326
4893,2510-09708,0,4,0.75,,6,16.1,7.8,2.778819272,2.054123734,8.004799119,7.5,0.40824829,"""07-379""",2007,HB-outer,High,Fed,2280-84536,"WA,B",ASY,19.51,11.8,2.970927155,2.468099531,11.78333475,2430-61874,"AW,K",ASY,7/14/07,195,4,7/26/07,207,4,8/5/07,217,4,FLEDGED,3,274.2514334,5.614045326
4894,2510-09709,1,4,0.75,,6,15.3,6.9,2.727852828,1.931521412,7.517033671,7.5,0.40824829,"""07-379""",2007,HB-outer,High,Fed,2280-84536,"WA,B",ASY,19.51,11.8,2.970927155,2.468099531,11.78333475,2430-61874,"AW,K",ASY,7/14/07,195,4,7/26/07,207,4,8/5/07,217,4,FLEDGED,3,274.2514334,5.614045326
4895,2510-09710,1,4,0.75,,6,16.1,7.7,2.778819272,2.041220329,7.90217349,7.5,0.40824829,"""07-379""",2007,HB-outer,High,Fed,2280-84536,"WA,B",ASY,19.51,11.8,2.970927155,2.468099531,11.78333475,2430-61874,"AW,K",ASY,7/14/07,195,4,7/26/07,207,4,8/5/07,217,4,FLEDGED,3,274.2514334,5.614045326
5852,2590-89759,1,3,1,,6,16.48,8.8,2.802147524,2.174751721,8.787484802,8.5,0.888819442,"""09-112""",2009,HB-mid,High,Control,2590-89738,"BB,YA",SY,18.8,11.6,2.93385687,2.451005098,11.59470124,2510-06912,"WP,WA",ASY,6/27/09,178,3,7/9/09,190,3,7/19/09,200,3,FLEDGED,2,45.14659267,3.80991481
5853,2590-89760,1,3,1,,6,15.9,9.2,2.766319109,2.219203484,9.580896739,8.5,0.888819442,"""09-112""",2009,HB-mid,High,Control,2590-89738,"BB,YA",SY,18.8,11.6,2.93385687,2.451005098,11.59470124,2510-06912,"WP,WA",ASY,6/27/09,178,3,7/9/09,190,3,7/19/09,200,3,FLEDGED,2,45.14659267,3.80991481
5854,2590-89761,1,3,1,,6,15.53,7.5,2.742773637,2.014903021,8.029048459,8.5,0.888819442,"""09-112""",2009,HB-mid,High,Control,2590-89738,"BB,YA",SY,18.8,11.6,2.93385687,2.451005098,11.59470124,2510-06912,"WP,WA",ASY,6/27/09,178,3,7/9/09,190,3,7/19/09,200,3,FLEDGED,2,45.14659267,3.80991481
5807,2590-89752,0,3,0.67,,6,17.33,7.83,2.852439104,2.05796251,7.371325828,8.063333333,0.466082968,"""09-118""",2009,N Ridge,High,Control,2510-08245,"BG,YA",ASY,18.53,10.97,2.91939104,2.395164274,10.96908212,2510-43805,"WR,YA",SY,6/28/09,179,3,7/10/09,191,3,7/19/09,200,3,FLEDGED,2,461.6083798,6.134716869
5808,2590-89753,1,3,0.67,,6,16.38,7.76,2.796061078,2.048982334,7.804437289,8.063333333,0.466082968,"""09-118""",2009,N Ridge,High,Control,2510-08245,"BG,YA",ASY,18.53,10.97,2.91939104,2.395164274,10.96908212,2510-43805,"WR,YA",SY,6/28/09,179,3,7/10/09,191,3,7/19/09,200,3,FLEDGED,2,461.6083798,6.134716869
5809,2590-89754,1,3,0.67,,6,16.35,8.6,2.794227897,2.151762203,8.667850294,8.063333333,0.466082968,"""09-118""",2009,N Ridge,High,Control,2510-08245,"BG,YA",ASY,18.53,10.97,2.91939104,2.395164274,10.96908212,2510-43805,"WR,YA",SY,6/28/09,179,3,7/10/09,191,3,7/19/09,200,3,FLEDGED,2,461.6083798,6.134716869
5827,2590-89777,0,2,0.5,,6,15.2,6.8,2.721295428,1.916922612,7.465243696,6.6,0.282842712,"""09-125""",2009,HQ-N,Low,Control,2590-89845,"OG,WA",SY,17.7,10.6,2.87356464,2.360854001,10.61165204,2590-89803,"RG,RA",SY,7/1/09,182,2,7/13/09,194,2,7/23/09,204,2,FLEDGED,2,24.56536462,3.201337508
5828,2590-89778,1,2,0.5,,6,15.7,6.4,2.753660712,1.85629799,6.76458788,6.6,0.282842712,"""09-125""",2009,HQ-N,Low,Control,2590-89845,"OG,WA",SY,17.7,10.6,2.87356464,2.360854001,10.61165204,2590-89803,"RG,RA",SY,7/1/09,182,2,7/13/09,194,2,7/23/09,204,2,FLEDGED,2,24.56536462,3.201337508
5703,2590-89716,1,4,0.5,,5,15.2,5.42,2.721295428,1.690095815,5.950238358,5.755,0.677667568,"""09-134""",2009,HB-mid,High,Control,2590-89677,"OP,GA",SY,18.6,11,2.923161581,2.397895273,10.99800967,2510-43863,"OW,GA",SY,6/29/09,180,4,7/13/09,194,4,7/24/09,205,4,FLEDGED,2,37.79231153,3.632105683
5704,2590-89715,0,4,0.5,,5,13.9,4.97,2.63188884,1.60341984,6.058970034,5.755,0.677667568,"""09-134""",2009,HB-mid,High,Control,2590-89677,"OP,GA",SY,18.6,11,2.923161581,2.397895273,10.99800967,2510-43863,"OW,GA",SY,6/29/09,180,4,7/13/09,194,4,7/24/09,205,4,FLEDGED,2,37.79231153,3.632105683
5705,2590-89714,0,4,0.5,,5,15.6,6.21,2.747270914,1.826160896,6.613103696,5.755,0.677667568,"""09-134""",2009,HB-mid,High,Control,2590-89677,"OP,GA",SY,18.6,11,2.923161581,2.397895273,10.99800967,2510-43863,"OW,GA",SY,6/29/09,180,4,7/13/09,194,4,7/24/09,205,4,FLEDGED,2,37.79231153,3.632105683
5706,2590-89713,1,4,0.5,,5,16.2,6.42,2.785011242,1.859418118,6.540925352,5.755,0.677667568,"""09-134""",2009,HB-mid,High,Control,2590-89677,"OP,GA",SY,18.6,11,2.923161581,2.397895273,10.99800967,2510-43863,"OW,GA",SY,6/29/09,180,4,7/13/09,194,4,7/24/09,205,4,FLEDGED,2,37.79231153,3.632105683
5759,2590-89854,0,4,,Y,6,16.28,7.66,2.789937361,2.036011984,7.759354145,,,"""09-137""",2009,N Ridge,High,Control,2510-43838,"KG,GA",SY,19.22,10.8,2.955951404,2.379546134,10.78891482,2510-43806,"KG,GA",SY,7/3/09,184,4,7/16/09,197,3,7/26/09,207,3,FLEDGED,3,1328.51475,7.191816868
5760,2590-89855,1,4,,Y,6,16.35,7.75,2.794227897,2.047692843,7.81114416,,,"""09-137""",2009,N Ridge,High,Control,2510-43838,"KG,GA",SY,19.22,10.8,2.955951404,2.379546134,10.78891482,2510-43806,"KG,GA",SY,7/3/09,184,4,7/16/09,197,3,7/26/09,207,3,FLEDGED,3,1328.51475,7.191816868
5761,2590-89856,1,4,,Y,6,17.15,8.5,2.841998174,2.140066163,8.100598994,,,"""09-137""",2009,N Ridge,High,Control,2510-43838,"KG,GA",SY,19.22,10.8,2.955951404,2.379546134,10.78891482,2510-43806,"KG,GA",SY,7/3/09,184,4,7/16/09,197,3,7/26/09,207,3,FLEDGED,3,1328.51475,7.191816868
UNK2,UNK2,,4,,Y,6,,,,,,,,"""09-137""",2009,N Ridge,High,Control,2510-43838,"KG,GA",SY,19.22,10.8,2.955951404,2.379546134,10.78891482,2510-43806,"KG,GA",SY,7/3/09,184,4,7/16/09,197,3,7/26/09,207,3,FLEDGED,3,1328.51475,7.191816868
5605,2590-89685,0,3,0.33,,5,14,6,2.63905733,1.791759469,7.253455556,6.61,0.52943366,"""09-15""",2009,HQ-N,Low,Control,2590-89816,"OB,GA",SY,17.7,9.2,2.87356464,2.219203484,9.210113092,2590-89815,"OO,PA",SY,5/30/09,150,3,6/12/09,163,3,6/21/09,172,3,FLEDGED,1,178.818832,5.186373182
5656,2590-89683,1,3,0.33,,5,16.3,6.95,2.791165108,1.93874166,7.03002216,6.61,0.52943366,"""09-15""",2009,HQ-N,Low,Control,2590-89816,"OB,GA",SY,17.7,9.2,2.87356464,2.219203484,9.210113092,2590-89815,"OO,PA",SY,5/30/09,150,3,6/12/09,163,3,6/21/09,172,3,FLEDGED,1,178.818832,5.186373182
5657,2590-89684,0,3,0.33,,5,14.8,6.88,2.694627181,1.928618652,7.792870684,6.61,0.52943366,"""09-15""",2009,HQ-N,Low,Control,2590-89816,"OB,GA",SY,17.7,9.2,2.87356464,2.219203484,9.210113092,2590-89815,"OO,PA",SY,5/30/09,150,3,6/12/09,163,3,6/21/09,172,3,FLEDGED,1,178.818832,5.186373182
5871,2590-89778,0,3,,Y,6,16.88,8.1,2.826129489,2.091864062,7.864303732,,,"""09-166""",2009,HQ-N,Low,Fed,2590-89807,"PR,PA",SY,18.4,,2.912350665,,10.406964,2510-43993,"PR,RA",SY,7/10/09,191,4,7/21/09,202,2,7/30/09,211,2,FLEDGED,3,146.6627299,4.988135596
5872,2590-89779,1,3,,Y,6,16.97,8.3,2.831447079,2.116255515,8.008418034,,,"""09-166""",2009,HQ-N,Low,Fed,2590-89807,"PR,PA",SY,18.4,,2.912350665,,10.406964,2510-43993,"PR,RA",SY,7/10/09,191,4,7/21/09,202,2,7/30/09,211,2,FLEDGED,3,146.6627299,4.988135596
UNK3,UNK3,,3,,Y,6,,,,,,,,"""09-166""",2009,HQ-N,Low,Fed,2590-89807,"PR,PA",SY,18.4,,2.912350665,,10.406964,2510-43993,"PR,RA",SY,7/10/09,191,4,7/21/09,202,2,7/30/09,211,2,FLEDGED,3,146.6627299,4.988135596
UNK4,UNK4,,,,Y,6,,,,,,,,"""09-166""",2009,HQ-N,Low,Fed,2590-89807,"PR,PA",SY,18.4,,2.912350665,,10.406964,2510-43993,"PR,RA",SY,7/10/09,191,4,7/21/09,202,2,7/30/09,211,2,FLEDGED,3,146.6627299,4.988135596
5606,2590-89817,0,3,,Y,6,16.8,7.4,2.821378886,2.00148,7.22478626,,,"""09-35""",2009,HQ-N,Low,Control,2590-89806,"PG,KA",ASY,18.5,11.1,2.917770732,2.406945108,11.09953523,2510-43999,"RP,YA",SY,5/29/09,149,3,6/12/09,163,2,6/21/09,172,2,FLEDGED,1,33.75862677,3.519235993
5607,2590-89818,1,3,,Y,6,16.7,7.3,2.815408719,1.987874348,7.177197839,,,"""09-35""",2009,HQ-N,Low,Control,2590-89806,"PG,KA",ASY,18.5,11.1,2.917770732,2.406945108,11.09953523,2510-43999,"RP,YA",SY,5/29/09,149,3,6/12/09,163,2,6/21/09,172,2,FLEDGED,1,33.75862677,3.519235993
UNK5,UNK5,,3,,Y,6,,,,,,,,"""09-35""",2009,HQ-N,Low,Control,2590-89806,"PG,KA",ASY,18.5,11.1,2.917770732,2.406945108,11.09953523,2510-43999,"RP,YA",SY,5/29/09,149,3,6/12/09,163,2,6/21/09,172,2,FLEDGED,1,33.75862677,3.519235993
5674,2590-89834,0,3,,Y,6,15.1,7.9,2.714694744,2.066862759,8.740210067,,,"""09-47""",2009,HQ-N,Low,Control,2590-89811,"GW,GA",SY,17.7,10.1,2.87356464,2.312535424,10.11110242,2510-43997,"BA,RY",SY,6/6/09,157,4,6/19/09,170,2,6/28/09,179,2,FLEDGED,1,33.8626717,3.522313278
5675,2590-89835,0,3,,Y,6,15.5,7.9,2.740840024,2.066862759,8.476451917,,,"""09-47""",2009,HQ-N,Low,Control,2590-89811,"GW,GA",SY,17.7,10.1,2.87356464,2.312535424,10.11110242,2510-43997,"BA,RY",SY,6/6/09,157,4,6/19/09,170,2,6/28/09,179,2,FLEDGED,1,33.8626717,3.522313278
UNK6,UNK6,,3,,Y,6,,,,,,,,"""09-47""",2009,HQ-N,Low,Control,2590-89811,"GW,GA",SY,17.7,10.1,2.87356464,2.312535424,10.11110242,2510-43997,"BA,RY",SY,6/6/09,157,4,6/19/09,170,2,6/28/09,179,2,FLEDGED,1,33.8626717,3.522313278
UNK7,UNK7,,,,Y,6,,,,,,,,"""09-47""",2009,HQ-N,Low,Control,2590-89811,"GW,GA",SY,17.7,10.1,2.87356464,2.312535424,10.11110242,2510-43997,"BA,RY",SY,6/6/09,157,4,6/19/09,170,2,6/28/09,179,2,FLEDGED,1,33.8626717,3.522313278
5662,2590-89690,0,4,0.75,,6,16.1,6.98,2.778819272,1.943048917,7.163268956,6.7025,0.468214694,"""09-58""",2009,HB-outer,High,Control,2510-43852,"YO,PA",SY,18.95,12.2,2.941803932,2.501435952,12.19192715,2510-06917,"WP,YA",ASY,6/2/09,153,4,6/14/09,165,4,6/24/09,175,4,FLEDGED,1,39.59428632,3.678684823
5663,2590-89691,1,4,0.75,,6,15.1,6.06,2.714694744,1.8017098,6.704515571,6.7025,0.468214694,"""09-58""",2009,HB-outer,High,Control,2510-43852,"YO,PA",SY,18.95,12.2,2.941803932,2.501435952,12.19192715,2510-06917,"WP,YA",ASY,6/2/09,153,4,6/14/09,165,4,6/24/09,175,4,FLEDGED,1,39.59428632,3.678684823
5664,2590-89692,1,4,0.75,,6,15,7.11,2.708050201,1.961502244,7.927685391,6.7025,0.468214694,"""09-58""",2009,HB-outer,High,Control,2510-43852,"YO,PA",SY,18.95,12.2,2.941803932,2.501435952,12.19192715,2510-06917,"WP,YA",ASY,6/2/09,153,4,6/14/09,165,4,6/24/09,175,4,FLEDGED,1,39.59428632,3.678684823
5665,2590-89693,1,4,0.75,,6,15.1,6.66,2.714694744,1.896119485,7.368328994,6.7025,0.468214694,"""09-58""",2009,HB-outer,High,Control,2510-43852,"YO,PA",SY,18.95,12.2,2.941803932,2.501435952,12.19192715,2510-06917,"WP,YA",ASY,6/2/09,153,4,6/14/09,165,4,6/24/09,175,4,FLEDGED,1,39.59428632,3.678684823
5612,2590-89824,0,4,0.25,,7,18.1,8.7,2.895911938,2.163323026,7.783514246,8.775,0.095742711,"""09-6""",2009,HQ-N,Low,Control,2590-89807,"PR,PA",SY,18.4,,2.912350665,,,2510-43993,"PR,RA",SY,6/1/09,152,4,6/14/09,165,4,6/21/09,172,4,FLEDGED,1,62.3766149,4.133190444
5613,2590-89825,1,4,0.25,,7,19.2,8.9,2.954910279,2.186051277,7.430477585,8.775,0.095742711,"""09-6""",2009,HQ-N,Low,Control,2590-89807,"PR,PA",SY,18.4,,2.912350665,,,2510-43993,"PR,RA",SY,6/1/09,152,4,6/14/09,165,4,6/21/09,172,4,FLEDGED,1,62.3766149,4.133190444
5666,2590-89826,0,4,0.25,,7,18.1,8.8,2.895911938,2.174751721,7.872979927,8.775,0.095742711,"""09-6""",2009,HQ-N,Low,Control,2590-89807,"PR,PA",SY,18.4,,2.912350665,,,2510-43993,"PR,RA",SY,6/1/09,152,4,6/14/09,165,4,6/21/09,172,4,FLEDGED,1,62.3766149,4.133190444
5667,2590-89827,0,4,0.25,,7,,,,,,8.775,0.095742711,"""09-6""",2009,HQ-N,Low,Control,2590-89807,"PR,PA",SY,18.4,,2.912350665,,,2510-43993,"PR,RA",SY,6/1/09,152,4,6/14/09,165,4,6/21/09,172,4,FLEDGED,1,62.3766149,4.133190444
5692,2590-89694,0,4,0.5,,6,16,7.31,2.772588722,1.989243274,7.556914683,7.36,0.206881609,"""09-71""",2009,HB-mid,High,Control,2510-44095,"OW,RA",SY,18.5,,2.917770732,,,2510-43860,"BG,RA",SY,6/2/09,153,4,6/14/09,165,4,6/23/09,174,0,FLEDGED,1,54.14820521,3.991724828
5693,2590-89695,0,4,0.5,,6,16.2,7.37,2.785011242,1.997417706,7.508819291,7.36,0.206881609,"""09-71""",2009,HB-mid,High,Control,2510-44095,"OW,RA",SY,18.5,,2.917770732,,,2510-43860,"BG,RA",SY,6/2/09,153,4,6/14/09,165,4,6/23/09,174,0,FLEDGED,1,54.14820521,3.991724828
5694,2590-89696,1,4,0.5,,6,15.5,7.13,2.740840024,1.964311234,7.650266097,7.36,0.206881609,"""09-71""",2009,HB-mid,High,Control,2510-44095,"OW,RA",SY,18.5,,2.917770732,,,2510-43860,"BG,RA",SY,6/2/09,153,4,6/14/09,165,4,6/23/09,174,0,FLEDGED,1,54.14820521,3.991724828
5695,2590-89697,1,4,0.5,,6,15.7,7.63,2.753660712,2.032087845,8.064657113,7.36,0.206881609,"""09-71""",2009,HB-mid,High,Control,2510-44095,"OW,RA",SY,18.5,,2.917770732,,,2510-43860,"BG,RA",SY,6/2/09,153,4,6/14/09,165,4,6/23/09,174,0,FLEDGED,1,54.14820521,3.991724828
6089,2590-90024,1,3,1,,7,16.39,6.93,2.796671393,1.935859813,6.96470078,7.98,0.910988474,"""10-107""",2010,N Ridge,High,Control,2590-89605,"KO,GA",SY,19.07,10.32,2.94811642,2.33408376,10.31149167,2590-89791,"RO,WA",SY,6/21/10,172,3,7/2/10,183,3,7/12/10,193,4,FLEDGED,2,1420.638619,7.258861781
6090,2590-90025,1,3,1,,7,17.59,8.56,2.867330559,2.14710019,7.919138939,7.98,0.910988474,"""10-107""",2010,N Ridge,High,Control,2590-89605,"KO,GA",SY,19.07,10.32,2.94811642,2.33408376,10.31149167,2590-89791,"RO,WA",SY,6/21/10,172,3,7/2/10,183,3,7/12/10,193,4,FLEDGED,2,1420.638619,7.258861781
6091,2590-90026,1,3,1,,7,16.92,8.45,2.828496354,2.134166441,8.181392915,7.98,0.910988474,"""10-107""",2010,N Ridge,High,Control,2590-89605,"KO,GA",SY,19.07,10.32,2.94811642,2.33408376,10.31149167,2590-89791,"RO,WA",SY,6/21/10,172,3,7/2/10,183,3,7/12/10,193,4,FLEDGED,2,1420.638619,7.258861781
5980,2590-89618,0,3,0.33,,7,17.9,7.78,2.884800713,2.051556338,7.051663931,7.72,0.691953756,"""10-112""",2010,N Ridge,High,Control,2590-89621,"BY,RA",ASY,18.26,9.2,2.904712875,2.219203484,9.202714593,2510-43809,"YB,RA",ASY,5/30/10,150,4,6/11/10,162,4,6/20/10,171,3,FLEDGED,1,88.53765871,4.483427984
5981,2590-89619,1,3,0.33,,7,17.83,8.38,2.880882432,2.125847914,7.630454486,7.72,0.691953756,"""10-112""",2010,N Ridge,High,Control,2590-89621,"BY,RA",ASY,18.26,9.2,2.904712875,2.219203484,9.202714593,2510-43809,"YB,RA",ASY,5/30/10,150,4,6/11/10,162,4,6/20/10,171,3,FLEDGED,1,88.53765871,4.483427984
5982,2590-89620,0,3,0.33,,7,16.9,7,2.827313622,1.945910149,6.786886463,7.72,0.691953756,"""10-112""",2010,N Ridge,High,Control,2590-89621,"BY,RA",ASY,18.26,9.2,2.904712875,2.219203484,9.202714593,2510-43809,"YB,RA",ASY,5/30/10,150,4,6/11/10,162,4,6/20/10,171,3,FLEDGED,1,88.53765871,4.483427984
5948,2590-89612,0,3,0.33,,6,15.8,8.58,2.76000994,2.149433913,9.001542654,7.92,0.880681554,"""10-12""",2010,HB-outer,High,Control,2590-89800,"BG,OA",ASY,17.36,10.47,2.854168709,2.348514025,10.48675556,2510-06917,"WP,YA",ASY,5/28/10,148,4,6/9/10,160,4,6/18/10,169,4,FLEDGED,1,563.3387222,6.333881085
5949,2590-89613,1,3,0.33,,6,16.35,8.26,2.794227897,2.111424588,8.32516784,7.92,0.880681554,"""10-12""",2010,HB-outer,High,Control,2590-89800,"BG,OA",ASY,17.36,10.47,2.854168709,2.348514025,10.48675556,2510-06917,"WP,YA",ASY,5/28/10,148,4,6/9/10,160,4,6/18/10,169,4,FLEDGED,1,563.3387222,6.333881085
5950,2590-89614,0,3,0.33,,6,14.55,6.92,2.677590994,1.93441577,7.996251185,7.92,0.880681554,"""10-12""",2010,HB-outer,High,Control,2590-89800,"BG,OA",ASY,17.36,10.47,2.854168709,2.348514025,10.48675556,2510-06917,"WP,YA",ASY,5/28/10,148,4,6/9/10,160,4,6/18/10,169,4,FLEDGED,1,563.3387222,6.333881085
6101,2590-90037,1,3,1,,7,17.25,8.28,2.847812143,2.113842968,7.83735058,8.266666667,0.360185138,"""10-120""",2010,N Ridge,High,Fed,2590-89607,"BP,OA",SY,18.46,10.56,2.915606229,2.357073278,10.56014755,2590-89893,"GB,RA",ASY,6/25/10,176,3,7/7/10,188,3,7/16/10,197,3,FLEDGED,2,195.156512,5.273801862
6102,2590-90038,1,3,1,,7,18.18,8.62,2.900322089,2.154085085,7.672183853,8.266666667,0.360185138,"""10-120""",2010,N Ridge,High,Fed,2590-89607,"BP,OA",SY,18.46,10.56,2.915606229,2.357073278,10.56014755,2590-89893,"GB,RA",ASY,6/25/10,176,3,7/7/10,188,3,7/16/10,197,3,FLEDGED,2,195.156512,5.273801862
6128,2590-90039,1,3,1,,7,17.39,7.9,2.855895328,2.066862759,7.407160292,8.266666667,0.360185138,"""10-120""",2010,N Ridge,High,Fed,2590-89607,"BP,OA",SY,18.46,10.56,2.915606229,2.357073278,10.56014755,2590-89893,"GB,RA",ASY,6/25/10,176,3,7/7/10,188,3,7/16/10,197,3,FLEDGED,2,195.156512,5.273801862
6034,2510-44141,1,3,0.67,,6,17.51,8.3,2.862772146,2.116255515,7.719736754,8.2,0.173205081,"""10-126""",2010,HQ-N,Low,Fed,2590-89657,"OR,AY",ASY,18.68,10.41,2.927453433,2.342766883,10.406964,2510-08213,"WO,PA",ASY,6/23/10,174,3,7/5/10,186,3,7/13/10,194,3,FLEDGED,2,,
6035,2510-44142,0,3,0.67,,6,16.68,8.3,2.814210397,2.116255515,8.171844386,8.2,0.173205081,"""10-126""",2010,HQ-N,Low,Fed,2590-89657,"OR,AY",ASY,18.68,10.41,2.927453433,2.342766883,10.406964,2510-08213,"WO,PA",ASY,6/23/10,174,3,7/5/10,186,3,7/13/10,194,3,FLEDGED,2,,
6036,2510-44143,1,3,0.67,,6,18.55,8,2.920469789,2.079441542,6.954192073,8.2,0.173205081,"""10-126""",2010,HQ-N,Low,Fed,2590-89657,"OR,AY",ASY,18.68,10.41,2.927453433,2.342766883,10.406964,2510-08213,"WO,PA",ASY,6/23/10,174,3,7/5/10,186,3,7/13/10,194,3,FLEDGED,2,,
6032,2590-89935,1,2,0.5,,6,17.85,7.9,2.882003508,2.066862759,7.183942684,8.15,0.353553391,"""10-136""",2010,HB-mid,High,Control,2590-90014,"OR,PA",SY,18.35,9.59,2.909629575,2.260720889,9.591612887,2590-89867,"PO,RA",ASY,6/17/10,168,2,6/28/10,179,2,7/6/10,187,2,FLEDGED,2,30.04514946,3.402701232
6033,2590-89336,0,2,0.5,,6,16.89,8.4,2.826721731,2.128231706,8.149915362,8.15,0.353553391,"""10-136""",2010,HB-mid,High,Control,2590-90014,"OR,PA",SY,18.35,9.59,2.909629575,2.260720889,9.591612887,2590-89867,"PO,RA",ASY,6/17/10,168,2,6/28/10,179,2,7/6/10,187,2,FLEDGED,2,30.04514946,3.402701232
6207,2510-44166,1,3,0.33,,6,16.52,8.3,2.804571768,2.116255515,8.26468078,7.666666667,0.56862407,"""10-188""",2010,HQ-N,Low,Control,2510-44116,"WY,PA",ASY,18.2,10.8,2.901421594,2.379546134,10.80410409,2590-89850,"PK,KA",ASY,7/6/10,187,3,7/17/10,198,3,7/26/10,207,2,FLEDGED,3,,
6208,2510-44167,0,3,0.33,,6,16.86,7.5,2.824943953,2.014903021,7.291887384,7.666666667,0.56862407,"""10-188""",2010,HQ-N,Low,Control,2510-44116,"WY,PA",ASY,18.2,10.8,2.901421594,2.379546134,10.80410409,2590-89850,"PK,KA",ASY,7/6/10,187,3,7/17/10,198,3,7/26/10,207,2,FLEDGED,3,,
6209,2510-44168,0,3,0.33,,6,16.13,7.2,2.780680892,1.974081026,7.372941357,7.666666667,0.56862407,"""10-188""",2010,HQ-N,Low,Control,2510-44116,"WY,PA",ASY,18.2,10.8,2.901421594,2.379546134,10.80410409,2590-89850,"PK,KA",ASY,7/6/10,187,3,7/17/10,198,3,7/26/10,207,2,FLEDGED,3,,
5917,2510-44121,1,4,0.75,,6,16.27,7.6,2.789322921,2.028148247,7.704121832,7.225,1.024288371,"""10-25""",2010,HQ-N,Low,Control,2510-44107,"WB,PA",SY,17.86,,2.882563575,,,2590-89868,"PP,BA",SY,6/1/10,152,4,6/14/10,165,4,6/22/10,173,4,FLEDGED,1,0.213086981,-1.546054837
5918,2510-44119,0,4,0.75,,6,17.05,7.9,2.836150204,2.066862759,7.580570234,7.225,1.024288371,"""10-25""",2010,HQ-N,Low,Control,2510-44107,"WB,PA",SY,17.86,,2.882563575,,,2590-89868,"PP,BA",SY,6/1/10,152,4,6/14/10,165,4,6/22/10,173,4,FLEDGED,1,0.213086981,-1.546054837
5919,2510-44118,1,4,0.75,,6,16.06,7.7,2.776331709,2.041220329,7.925245295,7.225,1.024288371,"""10-25""",2010,HQ-N,Low,Control,2510-44107,"WB,PA",SY,17.86,,2.882563575,,,2590-89868,"PP,BA",SY,6/1/10,152,4,6/14/10,165,4,6/22/10,173,4,FLEDGED,1,0.213086981,-1.546054837
5920,2510-44120,1,4,0.75,,6,15.44,5.7,2.736961545,1.740466175,6.143784678,7.225,1.024288371,"""10-25""",2010,HQ-N,Low,Control,2510-44107,"WB,PA",SY,17.86,,2.882563575,,,2590-89868,"PP,BA",SY,6/1/10,152,4,6/14/10,165,4,6/22/10,173,4,FLEDGED,1,0.213086981,-1.546054837
5956,2590-89901,0,4,0.5,,6,17.62,8.96,2.869034621,2.192770227,8.272653835,7.8075,0.79007911,"""10-35""",2010,HB-main,High,Control,2590-89784,"BW,OA",ASY,19.01,10.65,2.944965157,2.365559892,10.6420848,2510-43859,"KW,OA",ASY,5/28/10,148,4,6/9/10,160,4,6/17/10,168,4,FLEDGED,1,170.9585749,5.141421275
5957,2590-89905,1,4,0.5,,6,14.75,7.64,2.691243083,2.033397603,8.688101231,7.8075,0.79007911,"""10-35""",2010,HB-main,High,Control,2590-89784,"BW,OA",ASY,19.01,10.65,2.944965157,2.365559892,10.6420848,2510-43859,"KW,OA",ASY,5/28/10,148,4,6/9/10,160,4,6/17/10,168,4,FLEDGED,1,170.9585749,5.141421275
5958,2590-89906,1,4,0.5,,6,15.77,7.19,2.758109401,1.972691172,7.560071582,7.8075,0.79007911,"""10-35""",2010,HB-main,High,Control,2590-89784,"BW,OA",ASY,19.01,10.65,2.944965157,2.365559892,10.6420848,2510-43859,"KW,OA",ASY,5/28/10,148,4,6/9/10,160,4,6/17/10,168,4,FLEDGED,1,170.9585749,5.141421275
5959,2590-89907,0,4,0.5,,6,15.08,7.44,2.713369363,2.006870849,8.244082421,7.8075,0.79007911,"""10-35""",2010,HB-main,High,Control,2590-89784,"BW,OA",ASY,19.01,10.65,2.944965157,2.365559892,10.6420848,2510-43859,"KW,OA",ASY,5/28/10,148,4,6/9/10,160,4,6/17/10,168,4,FLEDGED,1,170.9585749,5.141421275
5792,2590-89704,1,4,,Y,7,16.55,7.45,2.806386102,2.008214032,7.402540306,,,"""10-59""",2010,HQ-N,Low,Control,2590-89703,"RB,RA",ASY,18.15,9.75,2.898670561,2.277267285,9.754397389,2590-89701,"YB,KA",ASY,5/24/10,144,4,6/5/10,156,3,6/13/10,164,3,FLEDGED,1,176.3460789,5.172448422
5793,2590-89702,1,4,,Y,7,17.02,7.49,2.834389123,2.013568798,7.20199773,,,"""10-59""",2010,HQ-N,Low,Control,2590-89703,"RB,RA",ASY,18.15,9.75,2.898670561,2.277267285,9.754397389,2590-89701,"YB,KA",ASY,5/24/10,144,4,6/5/10,156,3,6/13/10,164,3,FLEDGED,1,176.3460789,5.172448422
5794,2590-89705,1,4,,Y,7,16.42,7.35,2.798500104,1.994700313,7.370989046,,,"""10-59""",2010,HQ-N,Low,Control,2590-89703,"RB,RA",ASY,18.15,9.75,2.898670561,2.277267285,9.754397389,2590-89701,"YB,KA",ASY,5/24/10,144,4,6/5/10,156,3,6/13/10,164,3,FLEDGED,1,176.3460789,5.172448422
UNK8,UNK8,,4,,Y,7,,,,,,,,"""10-59""",2010,HQ-N,Low,Control,2590-89703,"RB,RA",ASY,18.15,9.75,2.898670561,2.277267285,9.754397389,2590-89701,"YB,KA",ASY,5/24/10,144,4,6/5/10,156,3,6/13/10,164,3,FLEDGED,1,176.3460789,5.172448422
5987,2590-89625,1,4,,Y,6,18.02,9.69,2.891482252,2.271094426,8.714348597,,,"""10-66""",2010,N Ridge,High,Control,2590-89603,"BB,PA",SY,19.32,10.65,2.961140829,2.365559892,10.63764444,2510-08236,"GO,RA",ASY,6/1/10,152,4,6/13/10,164,3,6/22/10,173,3,FLEDGED,1,,
5988,2590-89626,0,4,,Y,6,15.67,7.94,2.751748056,2.071913275,8.411150432,,,"""10-66""",2010,N Ridge,High,Control,2590-89603,"BB,PA",SY,19.32,10.65,2.961140829,2.365559892,10.63764444,2510-08236,"GO,RA",ASY,6/1/10,152,4,6/13/10,164,3,6/22/10,173,3,FLEDGED,1,,
5989,2590-89627,1,4,,Y,6,16.34,8.97,2.793616089,2.193885676,9.047254342,,,"""10-66""",2010,N Ridge,High,Control,2590-89603,"BB,PA",SY,19.32,10.65,2.961140829,2.365559892,10.63764444,2510-08236,"GO,RA",ASY,6/1/10,152,4,6/13/10,164,3,6/22/10,173,3,FLEDGED,1,,
UNK9,UNK9,,4,,Y,6,,,,,,,,"""10-66""",2010,N Ridge,High,Control,2590-89603,"BB,PA",SY,19.32,10.65,2.961140829,2.365559892,10.63764444,2510-08236,"GO,RA",ASY,6/1/10,152,4,6/13/10,164,3,6/22/10,173,3,FLEDGED,1,,
5997,2590-89634,0,4,0.25,,6,15.36,6.59,2.731766728,1.885553349,7.146455135,7.5375,0.639029212,"""10-82""",2010,N Ridge,High,Control,2590-89637,"BO,RA",ASY,17.75,10.98,2.876385516,2.396075436,10.9912698,2310-43804,"BG,WA",ASY,6/2/10,153,4,6/14/10,165,4,6/23/10,174,4,FLEDGED,1,260.5122612,5.562649928
5998,2590-89635,0,4,0.25,,6,16.42,7.78,2.798500104,2.051556338,7.802216977,7.5375,0.639029212,"""10-82""",2010,N Ridge,High,Control,2590-89637,"BO,RA",ASY,17.75,10.98,2.876385516,2.396075436,10.9912698,2310-43804,"BG,WA",ASY,6/2/10,153,4,6/14/10,165,4,6/23/10,174,4,FLEDGED,1,260.5122612,5.562649928
5999,2590-89636,1,4,0.25,,6,16.65,7.79,2.812410216,2.05284086,7.685917752,7.5375,0.639029212,"""10-82""",2010,N Ridge,High,Control,2590-89637,"BO,RA",ASY,17.75,10.98,2.876385516,2.396075436,10.9912698,2310-43804,"BG,WA",ASY,6/2/10,153,4,6/14/10,165,4,6/23/10,174,4,FLEDGED,1,260.5122612,5.562649928
6000,2590-89638,0,4,0.25,,6,15.91,7.99,2.766947842,2.07819076,8.314671404,7.5375,0.639029212,"""10-82""",2010,N Ridge,High,Control,2590-89637,"BO,RA",ASY,17.75,10.98,2.876385516,2.396075436,10.9912698,2310-43804,"BG,WA",ASY,6/2/10,153,4,6/14/10,165,4,6/23/10,174,4,FLEDGED,1,260.5122612,5.562649928
6776,2640-70449,1,4,0.75,,6,17.16,8.9,2.842581094,2.186051277,8.47601101,8.375,0.478713554,"""11-110""",2011,HB-outer,High,Control,2640-70604,"YP,KA",ASY,18.07,9.34,2.894253105,2.234306252,9.345277498,2590-89899,"RR,OA",ASY,7/11/11,192,4,7/23/11,204,4,7/31/11,212,4,FLEDGED,3,222.3829155,5.404400741
6777,2640-70450,0,4,0.75,,6,17.28,8.6,2.849549763,2.151762203,8.123682697,8.375,0.478713554,"""11-110""",2011,HB-outer,High,Control,2640-70604,"YP,KA",ASY,18.07,9.34,2.894253105,2.234306252,9.345277498,2590-89899,"RR,OA",ASY,7/11/11,192,4,7/23/11,204,4,7/31/11,212,4,FLEDGED,3,222.3829155,5.404400741
6778,2640-70451,1,4,0.75,,6,16.31,8.2,2.791778417,2.104134154,8.288454769,8.375,0.478713554,"""11-110""",2011,HB-outer,High,Control,2640-70604,"YP,KA",ASY,18.07,9.34,2.894253105,2.234306252,9.345277498,2590-89899,"RR,OA",ASY,7/11/11,192,4,7/23/11,204,4,7/31/11,212,4,FLEDGED,3,222.3829155,5.404400741
6779,2640-70452,1,4,0.75,,6,16.13,7.8,2.780680892,2.054123734,7.987353137,8.375,0.478713554,"""11-110""",2011,HB-outer,High,Control,2640-70604,"YP,KA",ASY,18.07,9.34,2.894253105,2.234306252,9.345277498,2590-89899,"RR,OA",ASY,7/11/11,192,4,7/23/11,204,4,7/31/11,212,4,FLEDGED,3,222.3829155,5.404400741
6837,2640-70677,0,4,,Y,6,17.84,8.6,2.881443127,2.151762203,7.825632494,,,"""11-123""",2011,HB-main,High,Fed,2391-68799,"GP,YA",ASY,18.4,9.96,2.912350665,2.298577072,9.960975789,2590-89866,",GA",ASY,7/12/11,193,4,7/24/11,205,3,7/2/11,183,2,FLEDGED,3,385.1772179,5.953703535
6838,2640-70678,1,4,,Y,6,16.55,8.38,2.806386102,2.125847914,8.326615807,,,"""11-123""",2011,HB-main,High,Fed,2391-68799,"GP,YA",ASY,18.4,9.96,2.912350665,2.298577072,9.960975789,2590-89866,",GA",ASY,7/12/11,193,4,7/24/11,205,3,7/2/11,183,2,FLEDGED,3,385.1772179,5.953703535
6839,2640-70679,1,4,,Y,6,17.7,9.36,2.87356464,2.23644529,8.596208532,,,"""11-123""",2011,HB-main,High,Fed,2391-68799,"GP,YA",ASY,18.4,9.96,2.912350665,2.298577072,9.960975789,2590-89866,",GA",ASY,7/12/11,193,4,7/24/11,205,3,7/2/11,183,2,FLEDGED,3,385.1772179,5.953703535
UNK10,UNK10,,4,,Y,6,,,,,,,,"""11-123""",2011,HB-main,High,Fed,2391-68799,"GP,YA",ASY,18.4,9.96,2.912350665,2.298577072,9.960975789,2590-89866,",GA",ASY,7/12/11,193,4,7/24/11,205,3,7/2/11,183,2,FLEDGED,3,385.1772179,5.953703535
6840,2640-70680,1,4,0.5,,7,17.61,8.24,2.868466923,2.109000344,7.61295054,8.655,0.315224788,"""11-125""",2011,HB-outer,High,Control,2391-68729,"YO,WA",SY,18.8,11.06,2.93385687,2.403334996,11.0549479,2510-06902,"PB,WA",ASY,7/13/11,194,4,7/25/11,206,4,8/2/11,214,4,FLEDGED,3,466.6595475,6.145599972
6841,2640-70681,1,4,0.5,,7,18.43,8.89,2.913979772,2.18492705,7.786850377,8.655,0.315224788,"""11-125""",2011,HB-outer,High,Control,2391-68729,"YO,WA",SY,18.8,11.06,2.93385687,2.403334996,11.0549479,2510-06902,"PB,WA",ASY,7/13/11,194,4,7/25/11,206,4,8/2/11,214,4,FLEDGED,3,466.6595475,6.145599972
6842,2640-70682,0,4,0.5,,7,18.25,8.58,2.90416508,2.149433913,7.602264356,8.655,0.315224788,"""11-125""",2011,HB-outer,High,Control,2391-68729,"YO,WA",SY,18.8,11.06,2.93385687,2.403334996,11.0549479,2510-06902,"PB,WA",ASY,7/13/11,194,4,7/25/11,206,4,8/2/11,214,4,FLEDGED,3,466.6595475,6.145599972
6843,2640-70683,0,4,0.5,,7,18.05,8.91,2.893145685,2.187174241,7.99727776,8.655,0.315224788,"""11-125""",2011,HB-outer,High,Control,2391-68729,"YO,WA",SY,18.8,11.06,2.93385687,2.403334996,11.0549479,2510-06902,"PB,WA",ASY,7/13/11,194,4,7/25/11,206,4,8/2/11,214,4,FLEDGED,3,466.6595475,6.145599972
6853,2640-70540,0,4,0.75,,6,17.19,9.3,2.844327819,2.2300144,8.838842248,8.35,0.718795288,"""11-133""",2011,N Ridge,High,Control,2640-70544,"RK,YA",SY,18.22,9.3,2.902519892,2.2300144,9.303270454,2640-70501,"GW,YA",SY,7/9/11,190,4,7/20/11,201,4,7/29/11,210,4,FLEDGED,3,1000.675609,6.90843066
6854,2640-70541,1,4,0.75,,6,17.09,8.5,2.838493497,2.140066163,8.133940477,8.35,0.718795288,"""11-133""",2011,N Ridge,High,Control,2640-70544,"RK,YA",SY,18.22,9.3,2.902519892,2.2300144,9.303270454,2640-70501,"GW,YA",SY,7/9/11,190,4,7/20/11,201,4,7/29/11,210,4,FLEDGED,3,1000.675609,6.90843066
6855,2640-70542,1,4,0.75,,6,16.9,7.9,2.827313622,2.066862759,7.659486151,8.35,0.718795288,"""11-133""",2011,N Ridge,High,Control,2640-70544,"RK,YA",SY,18.22,9.3,2.902519892,2.2300144,9.303270454,2640-70501,"GW,YA",SY,7/9/11,190,4,7/20/11,201,4,7/29/11,210,4,FLEDGED,3,1000.675609,6.90843066
6856,2640-70543,1,4,0.75,,6,17.06,7.7,2.836736542,2.041220329,7.383581407,8.35,0.718795288,"""11-133""",2011,N Ridge,High,Control,2640-70544,"RK,YA",SY,18.22,9.3,2.902519892,2.2300144,9.303270454,2640-70501,"GW,YA",SY,7/9/11,190,4,7/20/11,201,4,7/29/11,210,4,FLEDGED,3,1000.675609,6.90843066
6747,2640-70665,0,3,0.33,,6,16.91,7.73,2.827905163,2.045108863,7.489467622,7.16,0.727942305,"""11-139""",2011,HB-main,High,Control,2640-70637,"KB,OA",SY,18.75,8.83,2.931193752,2.178155015,8.826572985,2391-68798,"KP,RA",SY,7/5/11,186,3,7/17/11,198,3,7/25/11,206,2,FLEDGED,3,75.47929104,4.323858328
6748,2640-70666,0,3,0.33,,6,16.07,7.41,2.77695418,2.002830439,7.62120006,7.16,0.727942305,"""11-139""",2011,HB-main,High,Control,2640-70637,"KB,OA",SY,18.75,8.83,2.931193752,2.178155015,8.826572985,2391-68798,"KP,RA",SY,7/5/11,186,3,7/17/11,198,3,7/25/11,206,2,FLEDGED,3,75.47929104,4.323858328
6749,2640-70667,1,3,0.33,,6,12.73,6.34,2.543961413,1.846878768,8.568131645,7.16,0.727942305,"""11-139""",2011,HB-main,High,Control,2640-70637,"KB,OA",SY,18.75,8.83,2.931193752,2.178155015,8.826572985,2391-68798,"KP,RA",SY,7/5/11,186,3,7/17/11,198,3,7/25/11,206,2,FLEDGED,3,75.47929104,4.323858328
6743,2640-70662,1,4,,Y,6,17.26,7.88,2.848391686,2.064327904,7.453670183,,,"""11-140""",2011,HB-mid,High,Fed,2391-68716,"WG,PA",SY,18.37,11.91,2.910718899,2.477378383,11.9116683,2510-06912,"WP,WA",ASY,7/5/11,186,4,7/17/11,198,3,7/26/11,207,3,FLEDGED,3,353.7141064,5.868488978
6744,2640-70663,0,4,,Y,6,16.2,8.14,2.785011242,2.09679018,8.293322799,,,"""11-140""",2011,HB-mid,High,Fed,2391-68716,"WG,PA",SY,18.37,11.91,2.910718899,2.477378383,11.9116683,2510-06912,"WP,WA",ASY,7/5/11,186,4,7/17/11,198,3,7/26/11,207,3,FLEDGED,3,353.7141064,5.868488978
6745,2640-70664,1,4,,Y,6,17.16,8.39,2.842581094,2.12704052,7.990307008,,,"""11-140""",2011,HB-mid,High,Fed,2391-68716,"WG,PA",SY,18.37,11.91,2.910718899,2.477378383,11.9116683,2510-06912,"WP,WA",ASY,7/5/11,186,4,7/17/11,198,3,7/26/11,207,3,FLEDGED,3,353.7141064,5.868488978
UNK11,UNK11,,4,,Y,6,,,,,,,,"""11-140""",2011,HB-mid,High,Fed,2391-68716,"WG,PA",SY,18.37,11.91,2.910718899,2.477378383,11.9116683,2510-06912,"WP,WA",ASY,7/5/11,186,4,7/17/11,198,3,7/26/11,207,3,FLEDGED,3,353.7141064,5.868488978
6728,2640-70526,0,4,0.25,,6,17.05,7.9,2.836150204,2.066862759,7.580570234,8.25,0.238047614,"""11-141""",2011,N Ridge,High,Control,2590-90074,"OR,YA",ASY,18.69,,2.927988621,,,2590-89975,"KO,KA",SY,6/30/11,181,4,7/11/11,192,4,7/20/11,201,4,FLEDGED,2,219.9279555,5.393300018
6729,2640-70527,1,4,0.25,,6,16.91,8.4,2.827905163,2.128231706,8.138619408,8.25,0.238047614,"""11-141""",2011,N Ridge,High,Control,2590-90074,"OR,YA",ASY,18.69,,2.927988621,,,2590-89975,"KO,KA",SY,6/30/11,181,4,7/11/11,192,4,7/20/11,201,4,FLEDGED,2,219.9279555,5.393300018
6730,2640-70528,0,4,0.25,,6,17.2,8.3,2.844909384,2.116255515,7.883054233,8.25,0.238047614,"""11-141""",2011,N Ridge,High,Control,2590-90074,"OR,YA",ASY,18.69,,2.927988621,,,2590-89975,"KO,KA",SY,6/30/11,181,4,7/11/11,192,4,7/20/11,201,4,FLEDGED,2,219.9279555,5.393300018
6731,2640-70529,0,4,0.25,,6,16.76,8.4,2.818995095,2.128231706,8.22405305,8.25,0.238047614,"""11-141""",2011,N Ridge,High,Control,2590-90074,"OR,YA",ASY,18.69,,2.927988621,,,2590-89975,"KO,KA",SY,6/30/11,181,4,7/11/11,192,4,7/20/11,201,4,FLEDGED,2,219.9279555,5.393300018
6196,2590-89970,0,4,0.5,,6,18,8.9,2.890371758,2.186051277,8.014314709,9,0.469041576,"""11-15""",2011,HQ-N,Low,Control,2360-81786,"WB,YA",SY,19,10.23,2.944438979,2.32532458,10.22253572,2360-81785,"OO,KA",SY,6/1/11,152,4,6/13/11,164,4,6/21/11,172,4,FLEDGED,1,11.80041099,2.46813436
6197,2590-89971,0,4,0.5,,6,18.1,9.2,2.895911938,2.219203484,8.230842651,9,0.469041576,"""11-15""",2011,HQ-N,Low,Control,2360-81786,"WB,YA",SY,19,10.23,2.944438979,2.32532458,10.22253572,2360-81785,"OO,KA",SY,6/1/11,152,4,6/13/11,164,4,6/21/11,172,4,FLEDGED,1,11.80041099,2.46813436
6198,2590-89972,1,4,0.5,,6,17.5,8.4,2.862200881,2.128231706,7.817978195,9,0.469041576,"""11-15""",2011,HQ-N,Low,Control,2360-81786,"WB,YA",SY,19,10.23,2.944438979,2.32532458,10.22253572,2360-81785,"OO,KA",SY,6/1/11,152,4,6/13/11,164,4,6/21/11,172,4,FLEDGED,1,11.80041099,2.46813436
6199,2590-89973,1,4,0.5,,6,18.4,9.5,2.912350665,2.251291799,8.337059069,9,0.469041576,"""11-15""",2011,HQ-N,Low,Control,2360-81786,"WB,YA",SY,19,10.23,2.944438979,2.32532458,10.22253572,2360-81785,"OO,KA",SY,6/1/11,152,4,6/13/11,164,4,6/21/11,172,4,FLEDGED,1,11.80041099,2.46813436
6750,2640-70537,0,3,0.33,,6,15.69,7.3,2.753023567,1.987874348,7.721621901,8,0.608276253,"""11-150""",2011,N Ridge,High,Fed,2590-89949,"WB,OA",SY,19.06,9.2,2.947591898,2.219203484,9.192539454,2590-89894,"RP,GA",ASY,7/9/11,190,3,7/20/11,201,3,7/28/11,209,3,FLEDGED,3,746.2738776,6.615092661
6751,2640-70538,0,3,0.33,,6,15.14,8.4,2.717340248,2.128231706,9.264618107,8,0.608276253,"""11-150""",2011,N Ridge,High,Fed,2590-89949,"WB,OA",SY,19.06,9.2,2.947591898,2.219203484,9.192539454,2590-89894,"RP,GA",ASY,7/9/11,190,3,7/20/11,201,3,7/28/11,209,3,FLEDGED,3,746.2738776,6.615092661
6752,2640-70539,1,3,0.33,,6,16.46,8.3,2.800933195,2.116255515,8.3,8,0.608276253,"""11-150""",2011,N Ridge,High,Fed,2590-89949,"WB,OA",SY,19.06,9.2,2.947591898,2.219203484,9.192539454,2590-89894,"RP,GA",ASY,7/9/11,190,3,7/20/11,201,3,7/28/11,209,3,FLEDGED,3,746.2738776,6.615092661
6871,2391-68758,0,4,0.25,,6,16.7,8.69,2.815408719,2.162172939,8.543814962,8.38,0.20992062,"""11-17""",2011,HB-main,High,Control,2590-89800,"BG,OA",ASY,17.36,,2.854168709,,,2590-89610,"PW,GA",ASY,6/1/11,152,4,6/13/11,164,4,6/22/11,173,3,FLEDGED,1,100.8271938,4.613408099
6872,2391-68759,0,4,0.25,,6,16.2,8.32,2.785011242,2.118662255,8.476713229,8.38,0.20992062,"""11-17""",2011,HB-main,High,Control,2590-89800,"BG,OA",ASY,17.36,,2.854168709,,,2590-89610,"PW,GA",ASY,6/1/11,152,4,6/13/11,164,4,6/22/11,173,3,FLEDGED,1,100.8271938,4.613408099
6873,died-died,1,4,0.25,,6,16.2,8.23,2.785011242,2.107786015,8.385018014,8.38,0.20992062,"""11-17""",2011,HB-main,High,Control,2590-89800,"BG,OA",ASY,17.36,,2.854168709,,,2590-89610,"PW,GA",ASY,6/1/11,152,4,6/13/11,164,4,6/22/11,173,3,FLEDGED,1,100.8271938,4.613408099
6874,2391-68761,0,4,0.25,,6,16.6,8.28,2.809402695,2.113842968,8.198217186,8.38,0.20992062,"""11-17""",2011,HB-main,High,Control,2590-89800,"BG,OA",ASY,17.36,,2.854168709,,,2590-89610,"PW,GA",ASY,6/1/11,152,4,6/13/11,164,4,6/22/11,173,3,FLEDGED,1,100.8271938,4.613408099
6545,2391-68765,1,4,1,,6,18.34,10.1,2.909084467,2.312535424,8.897604948,8.31,0.702614166,"""11-21""",2011,HB-mid,High,Control,2391-68718,"WG,KA",SY,17.74,10.4,2.875821977,2.341805806,10.41082585,2590-89890,"RP,BA",ASY,6/1/11,152,4,6/13/11,164,4,6/22/11,173,4,FLEDGED,1,60.91614103,4.109498181
6546,2391-68766,1,4,1,,6,17.9,9.3,2.884800713,2.2300144,8.42936691,8.31,0.702614166,"""11-21""",2011,HB-mid,High,Control,2391-68718,"WG,KA",SY,17.74,10.4,2.875821977,2.341805806,10.41082585,2590-89890,"RP,BA",ASY,6/1/11,152,4,6/13/11,164,4,6/22/11,173,4,FLEDGED,1,60.91614103,4.109498181
6547,2391-68767,1,4,1,,6,17.25,8.35,2.847812143,2.122261539,7.903608375,8.31,0.702614166,"""11-21""",2011,HB-mid,High,Control,2391-68718,"WG,KA",SY,17.74,10.4,2.875821977,2.341805806,10.41082585,2590-89890,"RP,BA",ASY,6/1/11,152,4,6/13/11,164,4,6/22/11,173,4,FLEDGED,1,60.91614103,4.109498181
6548,2391-68768,1,4,1,,6,16.9,8.63,2.827313622,2.155244505,8.367261454,8.31,0.702614166,"""11-21""",2011,HB-mid,High,Control,2391-68718,"WG,KA",SY,17.74,10.4,2.875821977,2.341805806,10.41082585,2590-89890,"RP,BA",ASY,6/1/11,152,4,6/13/11,164,4,6/22/11,173,4,FLEDGED,1,60.91614103,4.109498181
6580,2590-89976,0,4,0.25,,6,16.57,7.2,2.807593831,1.974081026,7.144013694,7.025,0.75,"""11-24""",2011,N Ridge,High,Control,2510-08242,"PK,BA",ASY,18.74,,2.930660277,,,2590-89893,"GB,RA",ASY,6/2/11,153,4,6/14/11,165,4,6/23/11,174,4,FLEDGED,1,16.07257037,2.777114116
6581,2590-89977,0,4,0.25,,6,17.03,6.6,2.834976495,1.887069649,6.341852398,7.025,0.75,"""11-24""",2011,N Ridge,High,Control,2510-08242,"PK,BA",ASY,18.74,,2.930660277,,,2590-89893,"GB,RA",ASY,6/2/11,153,4,6/14/11,165,4,6/23/11,174,4,FLEDGED,1,16.07257037,2.777114116
6582,2590-89978,0,4,0.25,,6,17.26,8,2.848391686,2.079441542,7.567177851,7.025,0.75,"""11-24""",2011,N Ridge,High,Control,2510-08242,"PK,BA",ASY,18.74,,2.930660277,,,2590-89893,"GB,RA",ASY,6/2/11,153,4,6/14/11,165,4,6/23/11,174,4,FLEDGED,1,16.07257037,2.777114116
6583,2590-89979,1,4,0.25,,6,17.51,6.3,2.862772146,1.840549633,5.859559223,7.025,0.75,"""11-24""",2011,N Ridge,High,Control,2510-08242,"PK,BA",ASY,18.74,,2.930660277,,,2590-89893,"GB,RA",ASY,6/2/11,153,4,6/14/11,165,4,6/23/11,174,4,FLEDGED,1,16.07257037,2.777114116
5844,2510-44185,0,4,0.5,,6,16.29,8.16,2.790551423,2.099244169,8.259892777,8.67,0.572974694,"""11-26""",2011,HQ-N,Low,Control,2510-44172,"GY,WA",SY,18.69,9.83,2.927988621,2.285438934,9.826997459,2510-44183,"BK,GA",SY,6/4/11,155,4,6/16/11,167,4,6/23/11,174,4,FLEDGED,1,82.28951112,4.410243653
5845,2510-44186,0,4,0.5,,6,16.96,,2.83085763,,,8.67,0.572974694,"""11-26""",2011,HQ-N,Low,Control,2510-44172,"GY,WA",SY,18.69,9.83,2.927988621,2.285438934,9.826997459,2510-44183,"BK,GA",SY,6/4/11,155,4,6/16/11,167,4,6/23/11,174,4,FLEDGED,1,82.28951112,4.410243653
5846,2510-44187,1,4,0.5,,6,16.43,8.56,2.799108932,2.14710019,8.578321171,8.67,0.572974694,"""11-26""",2011,HQ-N,Low,Control,2510-44172,"GY,WA",SY,18.69,9.83,2.927988621,2.285438934,9.826997459,2510-44183,"BK,GA",SY,6/4/11,155,4,6/16/11,167,4,6/23/11,174,4,FLEDGED,1,82.28951112,4.410243653
5847,2510-44188,1,4,0.5,,6,16.78,9.29,2.820187701,2.228938553,9.082706965,8.67,0.572974694,"""11-26""",2011,HQ-N,Low,Control,2510-44172,"GY,WA",SY,18.69,9.83,2.927988621,2.285438934,9.826997459,2510-44183,"BK,GA",SY,6/4/11,155,4,6/16/11,167,4,6/23/11,174,4,FLEDGED,1,82.28951112,4.410243653
6590,2590-89986,0,3,0.67,,6,16.66,8.8,2.813010637,2.174751721,8.676315527,8.5,0.264575131,"""11-28""",2011,N Ridge,High,Control,2590-89953,"BO,KA",ASY,18.82,11.1,2.934920134,2.406945108,11.09462528,2510-43809,"YB,RA",ASY,6/3/11,154,4,6/16/11,167,4,6/25/11,176,4,FLEDGED,1,51.28570784,3.937412114
6591,2590-89987,1,3,0.67,,6,16.86,8.3,2.824943953,2.116255515,8.069688705,8.5,0.264575131,"""11-28""",2011,N Ridge,High,Control,2590-89953,"BO,KA",ASY,18.82,11.1,2.934920134,2.406945108,11.09462528,2510-43809,"YB,RA",ASY,6/3/11,154,4,6/16/11,167,4,6/25/11,176,4,FLEDGED,1,51.28570784,3.937412114
6592,2590-89988,1,3,0.67,,6,17.5,8.4,2.862200881,2.128231706,7.817978195,8.5,0.264575131,"""11-28""",2011,N Ridge,High,Control,2590-89953,"BO,KA",ASY,18.82,11.1,2.934920134,2.406945108,11.09462528,2510-43809,"YB,RA",ASY,6/3/11,154,4,6/16/11,167,4,6/25/11,176,4,FLEDGED,1,51.28570784,3.937412114
6607,2510-44193,1,4,0.5,,6,17.15,8.81,2.841998174,2.17588744,8.396032605,8.415,1.289379696,"""11-31""",2011,HQ-N,Low,Control,2510-44177,"RG,KA",ASY,18.98,10.19,2.943385793,2.321406847,10.18284159,2360-81773,"OK,GA",SY,6/6/11,157,4,6/17/11,168,4,6/26/11,177,4,FLEDGED,1,52.05417489,3.952285001
6608,2510-44194,1,4,0.5,,6,16.47,8.87,2.801540544,2.182674796,8.863688466,8.415,1.289379696,"""11-31""",2011,HQ-N,Low,Control,2510-44177,"RG,KA",ASY,18.98,10.19,2.943385793,2.321406847,10.18284159,2360-81773,"OK,GA",SY,6/6/11,157,4,6/17/11,168,4,6/26/11,177,4,FLEDGED,1,52.05417489,3.952285001
6609,2510-44195,0,4,0.5,,6,14.66,6.53,2.685122696,1.876406943,7.479282372,8.415,1.289379696,"""11-31""",2011,HQ-N,Low,Control,2510-44177,"RG,KA",ASY,18.98,10.19,2.943385793,2.321406847,10.18284159,2360-81773,"OK,GA",SY,6/6/11,157,4,6/17/11,168,4,6/26/11,177,4,FLEDGED,1,52.05417489,3.952285001
6610,2510-44196,0,4,0.5,,6,16.17,9.45,2.783157674,2.246014742,9.648936026,8.415,1.289379696,"""11-31""",2011,HQ-N,Low,Control,2510-44177,"RG,KA",ASY,18.98,10.19,2.943385793,2.321406847,10.18284159,2360-81773,"OK,GA",SY,6/6/11,157,4,6/17/11,168,4,6/26/11,177,4,FLEDGED,1,52.05417489,3.952285001
6602,2590-89999,1,2,1,,6,13.21,6.4,2.580974119,1.85629799,8.282045909,6.4,0,"""11-32""",2011,N Ridge,High,Control,2590-89957,"BO,WA",ASY,17.84,9.4,2.881443127,2.240709689,9.408420345,2590-89951,"WB,GA",SY,6/5/11,156,4,6/19/11,170,4,6/29/11,180,2,FLEDGED,1,15.17624857,2.719731612
6653,2590-90000,1,2,1,,6,13.54,6.4,2.605648267,1.85629799,8.045974673,6.4,0,"""11-32""",2011,N Ridge,High,Control,2590-89957,"BO,WA",ASY,17.84,9.4,2.881443127,2.240709689,9.408420345,2590-89951,"WB,GA",SY,6/5/11,156,4,6/19/11,170,4,6/29/11,180,2,FLEDGED,1,15.17624857,2.719731612
6599,2590-89996,1,3,1,,6,16.04,6.6,2.775085602,1.887069649,6.802995486,6.666666667,0.503322296,"""11-35""",2011,N Ridge,High,Control,2590-89958,"BG,KA",SY,18.71,9.8,2.92905814,2.282382386,9.796736292,2590-89974,"BR,YA",SY,6/6/11,157,4,6/19/11,170,4,6/28/11,179,3,FLEDGED,1,31.17627237,3.439657305
6600,2590-89997,1,3,1,,6,16.36,7.2,2.794839331,1.974081026,7.25160653,6.666666667,0.503322296,"""11-35""",2011,N Ridge,High,Control,2590-89958,"BG,KA",SY,18.71,9.8,2.92905814,2.282382386,9.796736292,2590-89974,"BR,YA",SY,6/6/11,157,4,6/19/11,170,4,6/28/11,179,3,FLEDGED,1,31.17627237,3.439657305
6601,2590-89998,1,3,1,,6,16.89,6.2,2.826721731,1.824549292,6.01541372,6.666666667,0.503322296,"""11-35""",2011,N Ridge,High,Control,2590-89958,"BG,KA",SY,18.71,9.8,2.92905814,2.282382386,9.796736292,2590-89974,"BR,YA",SY,6/6/11,157,4,6/19/11,170,4,6/28/11,179,3,FLEDGED,1,31.17627237,3.439657305
6515,2391-68740,1,4,0.75,,6,15.79,8.42,2.759376828,2.130609828,8.840238804,8.2825,0.422403835,"""11-45""",2011,HB-mid,High,Control,2590-90014,"OR,PA",ASY,18.35,,2.909629575,,,2590-89892,"GP,OA",ASY,5/30/11,150,4,6/10/11,161,4,6/20/11,171,4,FLEDGED,1,69.72811499,4.244603608
6516,2391-68741,0,4,0.75,,6,15.52,8.6,2.742129515,2.151762203,9.213595056,8.2825,0.422403835,"""11-45""",2011,HB-mid,High,Control,2590-90014,"OR,PA",ASY,18.35,,2.909629575,,,2590-89892,"GP,OA",ASY,5/30/11,150,4,6/10/11,161,4,6/20/11,171,4,FLEDGED,1,69.72811499,4.244603608
6517,2391-68742,1,4,0.75,,6,14.63,7.66,2.683074215,2.036011984,8.794642318,8.2825,0.422403835,"""11-45""",2011,HB-mid,High,Control,2590-90014,"OR,PA",ASY,18.35,,2.909629575,,,2590-89892,"GP,OA",ASY,5/30/11,150,4,6/10/11,161,4,6/20/11,171,4,FLEDGED,1,69.72811499,4.244603608
6518,2391-68743,1,4,0.75,,6,16.25,8.45,2.788092909,2.134166441,8.578124133,8.2825,0.422403835,"""11-45""",2011,HB-mid,High,Control,2590-90014,"OR,PA",ASY,18.35,,2.909629575,,,2590-89892,"GP,OA",ASY,5/30/11,150,4,6/10/11,161,4,6/20/11,171,4,FLEDGED,1,69.72811499,4.244603608
6200,2590-89966,1,4,0.5,,6,17.68,9,2.872434057,2.197224577,8.276544639,8.075,1.099621147,"""11-47""",2011,N Ridge,High,Control,2590-90011,"WG,GA",ASY,18.7,,2.928523524,,,2460-32842,"WG,GA",ASY,6/2/11,153,4,6/13/11,164,4,6/22/11,173,4,FLEDGED,1,7.345805709,1.994129498
6201,2590-89967,0,4,0.5,,6,13.75,6.5,2.621038824,1.871802177,8.025615628,8.075,1.099621147,"""11-47""",2011,N Ridge,High,Control,2590-90011,"WG,GA",ASY,18.7,,2.928523524,,,2460-32842,"WG,GA",ASY,6/2/11,153,4,6/13/11,164,4,6/22/11,173,4,FLEDGED,1,7.345805709,1.994129498
6202,2590-89968,1,4,0.5,,6,16.8,8.6,2.821378886,2.151762203,8.396373221,8.075,1.099621147,"""11-47""",2011,N Ridge,High,Control,2590-90011,"WG,GA",ASY,18.7,,2.928523524,,,2460-32842,"WG,GA",ASY,6/2/11,153,4,6/13/11,164,4,6/22/11,173,4,FLEDGED,1,7.345805709,1.994129498
6549,2590-89969,0,4,0.5,,6,15.93,8.2,2.768204124,2.104134154,8.520649973,8.075,1.099621147,"""11-47""",2011,N Ridge,High,Control,2590-90011,"WG,GA",ASY,18.7,,2.928523524,,,2460-32842,"WG,GA",ASY,6/2/11,153,4,6/13/11,164,4,6/22/11,173,4,FLEDGED,1,7.345805709,1.994129498
6527,2391-68748,1,4,0.75,,6,16.52,9.04,2.804571768,2.201659174,9.001531838,8.4225,1.043020454,"""11-49""",2011,HB-mid,High,Control,2391-68716,"WG,PA",SY,18.37,11.91,2.910718899,2.477378383,11.9116683,2510-06912,"WP,WA",ASY,5/31/11,151,4,6/11/11,162,4,6/21/11,172,4,FLEDGED,1,79.89488665,4.380711854
6862,2391-68749,0,4,0.75,,6,14.7,6.89,2.687847494,1.930071085,7.866455086,8.4225,1.043020454,"""11-49""",2011,HB-mid,High,Control,2391-68716,"WG,PA",SY,18.37,11.91,2.910718899,2.477378383,11.9116683,2510-06912,"WP,WA",ASY,5/31/11,151,4,6/11/11,162,4,6/21/11,172,4,FLEDGED,1,79.89488665,4.380711854
6863,2391-68750,1,4,0.75,,6,17.14,9.12,2.841414913,2.210469804,8.697409569,8.4225,1.043020454,"""11-49""",2011,HB-mid,High,Control,2391-68716,"WG,PA",SY,18.37,11.91,2.910718899,2.477378383,11.9116683,2510-06912,"WP,WA",ASY,5/31/11,151,4,6/11/11,162,4,6/21/11,172,4,FLEDGED,1,79.89488665,4.380711854
6864,2391-68751,1,4,0.75,,6,16.94,8.64,2.829677689,2.156402583,8.353779205,8.4225,1.043020454,"""11-49""",2011,HB-mid,High,Control,2391-68716,"WG,PA",SY,18.37,11.91,2.910718899,2.477378383,11.9116683,2510-06912,"WP,WA",ASY,5/31/11,151,4,6/11/11,162,4,6/21/11,172,4,FLEDGED,1,79.89488665,4.380711854
6867,2391-68754,0,4,0.75,,6,16.2,7.64,2.785011242,2.033397603,7.783904936,8.04,0.679166155,"""11-5""",2011,HB-outer,High,Control,2391-68717,"RW,PA",ASY,19.45,11.61,2.96784707,2.451866796,11.59452443,2590-89869,"YG,GA",ASY,6/2/11,153,4,6/13/11,164,4,6/22/11,173,4,FLEDGED,1,108.0109758,4.68223285
6868,2391-68755,1,4,0.75,,6,14.8,7.29,2.694627181,1.986503546,8.257271408,8.04,0.679166155,"""11-5""",2011,HB-outer,High,Control,2391-68717,"RW,PA",ASY,19.45,11.61,2.96784707,2.451866796,11.59452443,2590-89869,"YG,GA",ASY,6/2/11,153,4,6/13/11,164,4,6/22/11,173,4,FLEDGED,1,108.0109758,4.68223285
6869,2391-68756,1,4,0.75,,6,17.6,8.61,2.867898902,2.152924318,7.960091622,8.04,0.679166155,"""11-5""",2011,HB-outer,High,Control,2391-68717,"RW,PA",ASY,19.45,11.61,2.96784707,2.451866796,11.59452443,2590-89869,"YG,GA",ASY,6/2/11,153,4,6/13/11,164,4,6/22/11,173,4,FLEDGED,1,108.0109758,4.68223285
6870,2391-68757,1,4,0.75,,6,16.3,8.62,2.791165108,2.154085085,8.719250507,8.04,0.679166155,"""11-5""",2011,HB-outer,High,Control,2391-68717,"RW,PA",ASY,19.45,11.61,2.96784707,2.451866796,11.59452443,2590-89869,"YG,GA",ASY,6/2/11,153,4,6/13/11,164,4,6/22/11,173,4,FLEDGED,1,108.0109758,4.68223285
6603,2510-44189,0,4,0.5,,6,16.92,8.52,2.828496354,2.142416341,8.249167767,8.5275,0.149080515,"""11-51""",2011,HQ-N,Low,Control,2510-44178,"RB,YA",SY,19.8,10.63,2.985681938,2.363680192,10.61094708,2360-81777,"WB,WA",SY,6/5/11,156,4,6/17/11,168,4,6/27/11,178,4,FLEDGED,1,66.17524566,4.19230646
6604,2510-44190,0,4,0.5,,6,16.68,8.74,2.814210397,2.16791019,8.605050594,8.5275,0.149080515,"""11-51""",2011,HQ-N,Low,Control,2510-44178,"RB,YA",SY,19.8,10.63,2.985681938,2.363680192,10.61094708,2360-81777,"WB,WA",SY,6/5/11,156,4,6/17/11,168,4,6/27/11,178,4,FLEDGED,1,66.17524566,4.19230646
6605,2510-44191,1,4,0.5,,6,16.21,8.41,2.785628336,2.129421474,8.562213724,8.5275,0.149080515,"""11-51""",2011,HQ-N,Low,Control,2510-44178,"RB,YA",SY,19.8,10.63,2.985681938,2.363680192,10.61094708,2360-81777,"WB,WA",SY,6/5/11,156,4,6/17/11,168,4,6/27/11,178,4,FLEDGED,1,66.17524566,4.19230646
6606,2510-44192,1,4,0.5,,6,16.43,8.44,2.799108932,2.132982309,8.458064332,8.5275,0.149080515,"""11-51""",2011,HQ-N,Low,Control,2510-44178,"RB,YA",SY,19.8,10.63,2.985681938,2.363680192,10.61094708,2360-81777,"WB,WA",SY,6/5/11,156,4,6/17/11,168,4,6/27/11,178,4,FLEDGED,1,66.17524566,4.19230646
6875,2391-68760,0,4,0.5,,6,16.3,8.26,2.791165108,2.111424588,8.355105474,8.3425,0.546282894,"""11-55""",2011,HB-main,High,Control,2391-68735,"KG,RA",ASY,18.4,9.17,2.912350665,2.215937286,9.170898392,2510-43878,"YG,RA",ASY,6/1/11,152,4,6/13/11,164,4,6/22/11,173,4,FLEDGED,1,78.28250162,4.360324099
6876,2391-68762,0,4,0.5,,6,16.3,7.66,2.791165108,2.036011984,7.748197086,8.3425,0.546282894,"""11-55""",2011,HB-main,High,Control,2391-68735,"KG,RA",ASY,18.4,9.17,2.912350665,2.215937286,9.170898392,2510-43878,"YG,RA",ASY,6/1/11,152,4,6/13/11,164,4,6/22/11,173,4,FLEDGED,1,78.28250162,4.360324099
6877,2391-68763,1,4,0.5,,6,17.5,8.98,2.862200881,2.194999882,8.357790975,8.3425,0.546282894,"""11-55""",2011,HB-main,High,Control,2391-68735,"KG,RA",ASY,18.4,9.17,2.912350665,2.215937286,9.170898392,2510-43878,"YG,RA",ASY,6/1/11,152,4,6/13/11,164,4,6/22/11,173,4,FLEDGED,1,78.28250162,4.360324099
6544A,2391-68764,1,4,0.5,,6,17.2,8.47,2.844909384,2.136530509,8.04451438,8.3425,0.546282894,"""11-55""",2011,HB-main,High,Control,2391-68735,"KG,RA",ASY,18.4,9.17,2.912350665,2.215937286,9.170898392,2510-43878,"YG,RA",ASY,6/1/11,152,4,6/13/11,164,4,6/22/11,173,4,FLEDGED,1,78.28250162,4.360324099
6553,2590-89959,1,4,0.75,,7,17.67,8.6,2.871868286,2.151762203,7.913944076,8.675,0.221735578,"""11-74""",2011,N Ridge,High,Control,UB,UB,ASY,,,,,,2360-81780,"OK,OA",ASY,5/31/11,151,4,6/12/11,163,4,6/21/11,172,4,FLEDGED,1,,
6554,2590-89961,0,4,0.75,,7,15.97,8.5,2.770711962,2.140066163,8.806459168,8.675,0.221735578,"""11-74""",2011,N Ridge,High,Control,UB,UB,ASY,,,,,,2360-81780,"OK,OA",ASY,5/31/11,151,4,6/12/11,163,4,6/21/11,172,4,FLEDGED,1,,
6555,2590-89960,1,4,0.75,,7,16.9,9,2.827313622,2.197224577,8.725996881,8.675,0.221735578,"""11-74""",2011,N Ridge,High,Control,UB,UB,ASY,,,,,,2360-81780,"OK,OA",ASY,5/31/11,151,4,6/12/11,163,4,6/21/11,172,4,FLEDGED,1,,
6556,2590-89962,1,4,0.75,,7,15.67,8.6,2.751748056,2.151762203,9.11031407,8.675,0.221735578,"""11-74""",2011,N Ridge,High,Control,UB,UB,ASY,,,,,,2360-81780,"OK,OA",ASY,5/31/11,151,4,6/12/11,163,4,6/21/11,172,4,FLEDGED,1,,
6550,2590-89963,1,4,,Y,7,18.38,9.3,2.911263117,2.2300144,8.171951418,,,"""11-75""",2011,HQ-N,Low,Control,2510-44182,"GB,KA",SY,19.1,9.45,2.949688335,2.246014742,9.441826018,2510-44102,"OY,YA",ASY,5/31/11,151,4,6/12/11,163,3,6/21/11,172,3,FLEDGED,1,71.79658475,4.273836909
6551,2590-89964,1,4,,Y,7,16.74,8.7,2.817801065,2.163323026,8.529697367,,,"""11-75""",2011,HQ-N,Low,Control,2510-44182,"GB,KA",SY,19.1,9.45,2.949688335,2.246014742,9.441826018,2510-44102,"OY,YA",ASY,5/31/11,151,4,6/12/11,163,3,6/21/11,172,3,FLEDGED,1,71.79658475,4.273836909
6552,2590-89965,1,4,,Y,7,16.6,9.2,2.809402695,2.219203484,9.109130206,,,"""11-75""",2011,HQ-N,Low,Control,2510-44182,"GB,KA",SY,19.1,9.45,2.949688335,2.246014742,9.441826018,2510-44102,"OY,YA",ASY,5/31/11,151,4,6/12/11,163,3,6/21/11,172,3,FLEDGED,1,71.79658475,4.273836909
UNK12,UNK12,,4,,Y,7,,,,,,,,"""11-75""",2011,HQ-N,Low,Control,2510-44182,"GB,KA",SY,19.1,9.45,2.949688335,2.246014742,9.441826018,2510-44102,"OY,YA",ASY,5/31/11,151,4,6/12/11,163,3,6/21/11,172,3,FLEDGED,1,71.79658475,4.273836909
6732,2640-70530,1,4,,Y,6,18.03,8.3,2.892037037,2.116255515,7.459450948,,,"""11-99""",2011,N Ridge,High,Fed,2590-90011,"WG,GA",ASY,18.7,,2.928523524,,9.192539454,2460-32842,"WG,GA",ASY,7/2/11,183,4,7/14/11,195,3,7/22/11,203,3,FLEDGED,2,54.66541171,4.001231182
6733,2640-70531,1,4,,Y,6,14.9,7,2.701361213,1.945910149,7.866462836,,,"""11-99""",2011,N Ridge,High,Fed,2590-90011,"WG,GA",ASY,18.7,,2.928523524,,9.192539454,2460-32842,"WG,GA",ASY,7/2/11,183,4,7/14/11,195,3,7/22/11,203,3,FLEDGED,2,54.66541171,4.001231182
6734,2640-70532,0,4,,Y,6,17.81,8.3,2.879760097,2.116255515,7.567557692,,,"""11-99""",2011,N Ridge,High,Fed,2590-90011,"WG,GA",ASY,18.7,,2.928523524,,9.192539454,2460-32842,"WG,GA",ASY,7/2/11,183,4,7/14/11,195,3,7/22/11,203,3,FLEDGED,2,54.66541171,4.001231182
UNK13,UNK13,,4,,Y,6,,,,,,,,"""11-99""",2011,N Ridge,High,Fed,2590-90011,"WG,GA",ASY,18.7,,2.928523524,,9.192539454,2460-32842,"WG,GA",ASY,7/2/11,183,4,7/14/11,195,3,7/22/11,203,3,FLEDGED,2,54.66541171,4.001231182
7107,2660-47710,0,4,0.5,,6,16.22,7.6,2.786245049,2.028148247,7.731962838,7.9625,0.40901304,"""12-108""",2012,HB-outer,High,Control,2660-47327,"PG,PA",ASY,19.2,9,2.954910279,2.197224577,8.99100385,2660-47326,"PG,OA",SY,5/31/12,152,4,6/12/12,164,4,6/21/12,173,4,FLEDGED,1,82.74818099,4.415802032
7108,2660-47711,1,4,0.5,,6,17.46,8.45,2.85991255,2.134166441,7.885634111,7.9625,0.40901304,"""12-108""",2012,HB-outer,High,Control,2660-47327,"PG,PA",ASY,19.2,9,2.954910279,2.197224577,8.99100385,2660-47326,"PG,OA",SY,5/31/12,152,4,6/12/12,164,4,6/21/12,173,4,FLEDGED,1,82.74818099,4.415802032
7109,2660-47712,1,4,0.5,,6,16.5,7.65,2.803360381,2.034705648,7.628269262,7.9625,0.40901304,"""12-108""",2012,HB-outer,High,Control,2660-47327,"PG,PA",ASY,19.2,9,2.954910279,2.197224577,8.99100385,2660-47326,"PG,OA",SY,5/31/12,152,4,6/12/12,164,4,6/21/12,173,4,FLEDGED,1,82.74818099,4.415802032
7110,2660-47713,0,4,0.5,,6,17.88,8.15,2.88368277,2.098017927,7.396710882,7.9625,0.40901304,"""12-108""",2012,HB-outer,High,Control,2660-47327,"PG,PA",ASY,19.2,9,2.954910279,2.197224577,8.99100385,2660-47326,"PG,OA",SY,5/31/12,152,4,6/12/12,164,4,6/21/12,173,4,FLEDGED,1,82.74818099,4.415802032
7181,2660-47736,0,4,0.25,,6,15.74,7.65,2.756205243,2.034705648,8.061718989,7.9425,0.456170655,"""12-110""",2012,HB-mid,High,Fed,2640-70477,"RG,AK",SY,19.04,10.6,2.946542029,2.360854001,10.59169104,2640-70686,"YK,OA",SY,6/8/12,160,4,6/20/12,172,4,6/28/12,180,4,FLEDGED,1,103.3353213,4.637979247
7182,2660-47737,0,4,0.25,,6,15.79,7.53,2.759376828,2.018895042,7.905819263,7.9425,0.456170655,"""12-110""",2012,HB-mid,High,Fed,2640-70477,"RG,AK",SY,19.04,10.6,2.946542029,2.360854001,10.59169104,2640-70686,"YK,OA",SY,6/8/12,160,4,6/20/12,172,4,6/28/12,180,4,FLEDGED,1,103.3353213,4.637979247
7183,2660-47738,1,4,0.25,,6,16.27,8.05,2.789322921,2.085672091,8.16028694,7.9425,0.456170655,"""12-110""",2012,HB-mid,High,Fed,2640-70477,"RG,AK",SY,19.04,10.6,2.946542029,2.360854001,10.59169104,2640-70686,"YK,OA",SY,6/8/12,160,4,6/20/12,172,4,6/28/12,180,4,FLEDGED,1,103.3353213,4.637979247
7184,2660-47739,0,4,0.25,,6,16.39,8.54,2.796671393,2.144761008,8.582762577,7.9425,0.456170655,"""12-110""",2012,HB-mid,High,Fed,2640-70477,"RG,AK",SY,19.04,10.6,2.946542029,2.360854001,10.59169104,2640-70686,"YK,OA",SY,6/8/12,160,4,6/20/12,172,4,6/28/12,180,4,FLEDGED,1,103.3353213,4.637979247
7083,2660-47369,1,4,0.5,,6,,8.2,,2.104134154,,8.4,0.244948974,"""12-122""",2012,HQ-N,Low,Control,2660-47368,"BO,AO",SY,18.53,9.5,2.91939104,2.251291799,9.499205114,2660-47318,"GP,GA",SY,5/29/12,150,4,6/10/12,162,4,6/19/12,171,4,FLEDGED,1,19.46020383,2.968371551
7084,2660-47370,1,4,0.5,,6,,8.7,,2.163323026,,8.4,0.244948974,"""12-122""",2012,HQ-N,Low,Control,2660-47368,"BO,AO",SY,18.53,9.5,2.91939104,2.251291799,9.499205114,2660-47318,"GP,GA",SY,5/29/12,150,4,6/10/12,162,4,6/19/12,171,4,FLEDGED,1,19.46020383,2.968371551
7085,2660-47371,0,4,0.5,,6,,8.2,,2.104134154,,8.4,0.244948974,"""12-122""",2012,HQ-N,Low,Control,2660-47368,"BO,AO",SY,18.53,9.5,2.91939104,2.251291799,9.499205114,2660-47318,"GP,GA",SY,5/29/12,150,4,6/10/12,162,4,6/19/12,171,4,FLEDGED,1,19.46020383,2.968371551
7086,2660-47372,0,4,0.5,,6,,8.5,,2.140066163,,8.4,0.244948974,"""12-122""",2012,HQ-N,Low,Control,2660-47368,"BO,AO",SY,18.53,9.5,2.91939104,2.251291799,9.499205114,2660-47318,"GP,GA",SY,5/29/12,150,4,6/10/12,162,4,6/19/12,171,4,FLEDGED,1,19.46020383,2.968371551
7174,2660-47627,1,4,1,,6,12.89,5.8,2.556451817,1.757857918,7.724445907,6.775,0.741057803,"""12-141""",2012,N Ridge,High,Control,"2640-70587","KW,AK",SY,17.93,10.8,2.886475288,2.379546134,10.80827111,2640-70552,"KW,WA",SY,6/5/12,157,4,6/17/12,169,4,6/25/12,177,4,FLEDGED,2,348.582978,5.853876302
7175,2660-47626,1,4,1,,6,15.55,6.8,2.744060639,1.916922612,7.268698474,6.775,0.741057803,"""12-141""",2012,N Ridge,High,Control,"2640-70587","KW,AK",SY,17.93,10.8,2.886475288,2.379546134,10.80827111,2640-70552,"KW,WA",SY,6/5/12,157,4,6/17/12,169,4,6/25/12,177,4,FLEDGED,1,91.27764875,4.513905947
7176,2660-47628,1,4,1,,6,15.33,7.6,2.729811693,2.028148247,8.260644805,6.775,0.741057803,"""12-141""",2012,N Ridge,High,Control,"2640-70587","KW,AK",SY,17.93,10.8,2.886475288,2.379546134,10.80827111,2640-70552,"KW,WA",SY,6/5/12,157,4,6/17/12,169,4,6/25/12,177,4,FLEDGED,1,91.27764875,4.513905947
7177,2660-47629,1,4,1,,6,15.28,6.9,2.726544784,1.931521412,7.528566335,6.775,0.741057803,"""12-141""",2012,N Ridge,High,Control,"2640-70587","KW,AK",SY,17.93,10.8,2.886475288,2.379546134,10.80827111,2640-70552,"KW,WA",SY,6/5/12,157,4,6/17/12,169,4,6/25/12,177,4,FLEDGED,1,91.27764875,4.513905947
7193,2660-47748,0,4,0.5,,6,17.89,9.28,2.884241898,2.227861547,8.416749829,7.4825,1.180154348,"""12-143""",2012,HB-main,High,Control,2660-47753,"BY,AB",SY,19.12,10.61,2.950734908,2.361796953,10.60053642,2640-70466,"KP,GA",SY,6/14/12,166,4,6/26/12,178,4,7/5/12,187,4,FLEDGED,1,118.631131,4.776018939
7194,2660-47749,1,4,0.5,,6,17.52,7.95,2.863343086,2.073171929,7.389259576,7.4825,1.180154348,"""12-143""",2012,HB-main,High,Control,2660-47753,"BY,AB",SY,19.12,10.61,2.950734908,2.361796953,10.60053642,2640-70466,"KP,GA",SY,6/14/12,166,4,6/26/12,178,4,7/5/12,187,4,FLEDGED,1,118.631131,4.776018939
7195,2660-47750,1,4,0.5,,6,16.2,8.53,2.785011242,2.143589362,8.690668731,7.4825,1.180154348,"""12-143""",2012,HB-main,High,Control,2660-47753,"BY,AB",SY,19.12,10.61,2.950734908,2.361796953,10.60053642,2640-70466,"KP,GA",SY,6/14/12,166,4,6/26/12,178,4,7/5/12,187,4,FLEDGED,1,118.631131,4.776018939
7196,2660-47751,0,4,0.5,,6,16.6,8.2,2.809402695,2.104134154,8.119007358,7.4825,1.180154348,"""12-143""",2012,HB-main,High,Control,2660-47753,"BY,AB",SY,19.12,10.61,2.950734908,2.361796953,10.60053642,2640-70466,"KP,GA",SY,6/14/12,166,4,6/26/12,178,4,7/5/12,187,4,FLEDGED,1,118.631131,4.776018939
7199,2660-47754,0,3,0.33,,6,17.25,8.19,2.847812143,2.102913898,7.752161987,8.34,0.61878914,"""12-151""",2012,HB-outer,High,Control,2660-47714,"OK,AB",SY,19.02,11.27,2.945491057,2.422144328,11.26147121,2660-47303,"WG,RA",SY,6/14/12,166,3,6/26/12,178,3,7/5/12,187,3,FLEDGED,1,54.79052111,4.003517206
7200,2660-47755,0,3,0.33,,6,15.72,7.81,2.754933787,2.055404964,8.242603645,8.34,0.61878914,"""12-151""",2012,HB-outer,High,Control,2660-47714,"OK,AB",SY,19.02,11.27,2.945491057,2.422144328,11.26147121,2660-47303,"WG,RA",SY,6/14/12,166,3,6/26/12,178,3,7/5/12,187,3,FLEDGED,1,54.79052111,4.003517206
7201,2660-47756,1,3,0.33,,6,18.07,9.02,2.894253105,2.199444334,8.085508621,8.34,0.61878914,"""12-151""",2012,HB-outer,High,Control,2660-47714,"OK,AB",SY,19.02,11.27,2.945491057,2.422144328,11.26147121,2660-47303,"WG,RA",SY,6/14/12,166,3,6/26/12,178,3,7/5/12,187,3,FLEDGED,1,54.79052111,4.003517206
7369,2660-47662,1,4,0.75,,6,17.37,8,2.85474458,2.079441542,7.511044959,7.85,1.11193525,"""12-159""",2012,N Ridge,High,Control,2660-47387,"OK,AW",SY,18.18,10.7,2.900322089,2.370243741,10.70436974,2640-70549,"KO,KA",SY,6/16/12,168,4,6/27/12,179,4,7/6/12,188,4,FLEDGED,1,176.0117121,5.170550539
7370,2660-47657,1,4,0.75,,6,16.01,8.94,2.773213527,2.190535589,9.235207113,7.85,1.11193525,"""12-159""",2012,N Ridge,High,Control,2660-47387,"OK,AW",SY,18.18,10.7,2.900322089,2.370243741,10.70436974,2640-70549,"KO,KA",SY,6/16/12,168,4,6/27/12,179,4,7/6/12,188,4,FLEDGED,1,176.0117121,5.170550539
7373,2660-47660,0,4,0.75,,6,13.48,6.3,2.601207105,1.840549633,7.96158906,7.85,1.11193525,"""12-159""",2012,N Ridge,High,Control,2660-47387,"OK,AW",SY,18.18,10.7,2.900322089,2.370243741,10.70436974,2640-70549,"KO,KA",SY,6/16/12,168,4,6/27/12,179,4,7/6/12,188,4,FLEDGED,1,176.0117121,5.170550539
7374,2660-47661,1,4,0.75,,6,15.57,8.16,2.745345986,2.099244169,8.709308345,7.85,1.11193525,"""12-159""",2012,N Ridge,High,Control,2660-47387,"OK,AW",SY,18.18,10.7,2.900322089,2.370243741,10.70436974,2640-70549,"KO,KA",SY,6/16/12,168,4,6/27/12,179,4,7/6/12,188,4,FLEDGED,1,176.0117121,5.170550539
7171,2660-47619,0,3,,Y,6,17.67,8.7,2.871868286,2.163323026,8.005966682,,,"""12-168""",2012,N Ridge,High,Control,"2660-47617","KK,AR",SY,18.82,9.7,2.934920134,2.272125886,9.695303172,2640-70566,"BB,BA",SY,6/5/12,157,3,6/17/12,169,2,6/26/12,178,2,FLEDGED,1,209.9602575,5.346918263
7172,2660-47620,1,3,,Y,6,17.4,8.3,2.856470206,2.116255515,7.776964834,,,"""12-168""",2012,N Ridge,High,Control,"2660-47617","KK,AR",SY,18.82,9.7,2.934920134,2.272125886,9.695303172,2640-70566,"BB,BA",SY,6/5/12,157,3,6/17/12,169,2,6/26/12,178,2,FLEDGED,1,209.9602575,5.346918263
UNK14,UNK14,,3,,Y,6,,,,,,,,"""12-168""",2012,N Ridge,High,Control,"2660-47617","KK,AR",SY,18.82,9.7,2.934920134,2.272125886,9.695303172,2640-70566,"BB,BA",SY,6/5/12,157,3,6/17/12,169,2,6/26/12,178,2,FLEDGED,1,209.9602575,5.346918263
7148,2660-47672,0,4,,Y,5,,8.65,,2.157559321,,,,"""12-173""",2012,HQ-N,Low,Control,2660-47390,"YB,AY",SY,17.88,10.4,2.88368277,2.341805806,10.40871466,2660-47308,"YK,WA",SY,6/18/12,170,4,6/29/12,181,3,7/8/12,190,3,FLEDGED,2,606.8919745,6.408350809
7149,2660-47673,1,4,,Y,5,,8.26,,2.111424588,,,,"""12-173""",2012,HQ-N,Low,Control,2660-47390,"YB,AY",SY,17.88,10.4,2.88368277,2.341805806,10.40871466,2660-47308,"YK,WA",SY,6/18/12,170,4,6/29/12,181,3,7/8/12,190,3,FLEDGED,1,22.18863113,3.099580046
7150,2660-47674,0,4,,Y,5,,7.47,,2.010894999,,,,"""12-173""",2012,HQ-N,Low,Control,2660-47390,"YB,AY",SY,17.88,10.4,2.88368277,2.341805806,10.40871466,2660-47308,"YK,WA",SY,6/18/12,170,4,6/29/12,181,3,7/8/12,190,3,FLEDGED,1,22.18863113,3.099580046
UNK15,UNK15,,4,,Y,5,,,,,,,,"""12-173""",2012,HQ-N,Low,Control,2660-47390,"YB,AY",SY,17.88,10.4,2.88368277,2.341805806,10.40871466,2660-47308,"YK,WA",SY,6/18/12,170,4,6/29/12,181,3,7/8/12,190,3,FLEDGED,1,22.18863113,3.099580046
7186,2660-47741,1,3,0.66,,6,17.7,8.56,2.87356464,2.14710019,7.861489855,8.656666667,0.521759843,"""12-178""",2012,HB-mid,High,Control,2590-90014,"OR,PA",ASY,18.35,9.59,2.909629575,2.260720889,9.591612887,2640-70688,"YO,BA",SY,6/9/12,161,3,6/21/12,173,3,6/29/12,181,3,FLEDGED,1,83.57895602,4.425791766
7187,2660-47742,1,3,0.66,,6,15.27,8.19,2.725890119,2.102913898,8.9429399,8.656666667,0.521759843,"""12-178""",2012,HB-mid,High,Control,2590-90014,"OR,PA",ASY,18.35,9.59,2.909629575,2.260720889,9.591612887,2640-70688,"YO,BA",SY,6/9/12,161,3,6/21/12,173,3,6/29/12,181,3,FLEDGED,1,83.57895602,4.425791766
7188,2660-47743,0,3,0.66,,6,16.8,9.22,2.821378886,2.221375038,9.001693151,8.656666667,0.521759843,"""12-178""",2012,HB-mid,High,Control,2590-90014,"OR,PA",ASY,18.35,9.59,2.909629575,2.260720889,9.591612887,2640-70688,"YO,BA",SY,6/9/12,161,3,6/21/12,173,3,6/29/12,181,3,FLEDGED,1,83.57895602,4.425791766
7111,2660-47716,0,4,0.25,,6,,8.94,,2.190535589,,8.5475,0.396936183,"""12-179""",2012,HB-outer,High,Control,2660-47715,"WP,AR",SY,18.63,9.93,2.924773185,2.295560478,9.927790473,2510-06902,"PB,WA",ASY,6/2/12,154,4,6/14/12,166,4,6/23/12,175,4,FLEDGED,1,47.79433041,3.866907022
7112,2660-47717,1,4,0.25,,6,,8.02,,2.081938422,,8.5475,0.396936183,"""12-179""",2012,HB-outer,High,Control,2660-47715,"WP,AR",SY,18.63,9.93,2.924773185,2.295560478,9.927790473,2510-06902,"PB,WA",ASY,6/2/12,154,4,6/14/12,166,4,6/23/12,175,4,FLEDGED,1,47.79433041,3.866907022
7113,2660-47718,0,4,0.25,,6,17.7,8.74,2.87356464,2.16791019,8.026801557,8.5475,0.396936183,"""12-179""",2012,HB-outer,High,Control,2660-47715,"WP,AR",SY,18.63,9.93,2.924773185,2.295560478,9.927790473,2510-06902,"PB,WA",ASY,6/2/12,154,4,6/14/12,166,4,6/23/12,175,4,FLEDGED,1,47.79433041,3.866907022
7114,2660-47719,0,4,0.25,,6,18,8.49,2.890371758,2.138889,7.645115941,8.5475,0.396936183,"""12-179""",2012,HB-outer,High,Control,2660-47715,"WP,AR",SY,18.63,9.93,2.924773185,2.295560478,9.927790473,2510-06902,"PB,WA",ASY,6/2/12,154,4,6/14/12,166,4,6/23/12,175,4,FLEDGED,1,47.79433041,3.866907022
7224,2660-47776,1,4,0.5,,6,17.21,9.06,2.84549061,2.20386912,8.599016444,8.32,0.605585117,"""12-181""",2012,HB-mid,High,Fed,2660-47347,"PR,AK",SY,18.39,10.9,2.911807039,2.388762789,10.90122078,2660-47344,"PR,KA",SY,6/20/12,172,4,7/2/12,184,4,7/9/12,191,4,FLEDGED,3,53.56954985,3.980980807
7225,2660-47777,0,4,0.5,,6,16.61,7.58,2.810004924,2.0255132,7.499835853,8.32,0.605585117,"""12-181""",2012,HB-mid,High,Fed,2660-47347,"PR,AK",SY,18.39,10.9,2.911807039,2.388762789,10.90122078,2660-47344,"PR,KA",SY,6/20/12,172,4,7/2/12,184,4,7/9/12,191,4,FLEDGED,3,53.56954985,3.980980807
7226,2660-47778,1,4,0.5,,6,16.55,8.27,2.806386102,2.112634509,8.217316554,8.32,0.605585117,"""12-181""",2012,HB-mid,High,Fed,2660-47347,"PR,AK",SY,18.39,10.9,2.911807039,2.388762789,10.90122078,2660-47344,"PR,KA",SY,6/20/12,172,4,7/2/12,184,4,7/9/12,191,4,FLEDGED,3,53.56954985,3.980980807
7227,2660-47779,0,4,0.5,,6,17.59,8.37,2.867330559,2.124653885,7.743363659,8.32,0.605585117,"""12-181""",2012,HB-mid,High,Fed,2660-47347,"PR,AK",SY,18.39,10.9,2.911807039,2.388762789,10.90122078,2660-47344,"PR,KA",SY,6/20/12,172,4,7/2/12,184,4,7/9/12,191,4,FLEDGED,3,53.56954985,3.980980807
7140,2660-47505,1,4,1,,5,,7.1,,1.960094784,,6.55,1.438749457,"""12-183""",2012,HQ-N,Low,Control,2660-47389,"KP,YA",SY,17.71,10.4,2.874129452,2.341805806,10.41128047,2660-47313,"OO,YA",SY,6/18/12,170,4,6/29/12,181,4,7/8/12,190,4,FLEDGED,1,27.22950217,3.304301024
7141,2660-47506,1,4,1,,5,,6.5,,1.871802177,,6.55,1.438749457,"""12-183""",2012,HQ-N,Low,Control,2660-47389,"KP,YA",SY,17.71,10.4,2.874129452,2.341805806,10.41128047,2660-47313,"OO,YA",SY,6/18/12,170,4,6/29/12,181,4,7/8/12,190,4,FLEDGED,1,27.22950217,3.304301024
7142,2660-47507,1,4,1,,5,,8,,2.079441542,,6.55,1.438749457,"""12-183""",2012,HQ-N,Low,Control,2660-47389,"KP,YA",SY,17.71,10.4,2.874129452,2.341805806,10.41128047,2660-47313,"OO,YA",SY,6/18/12,170,4,6/29/12,181,4,7/8/12,190,4,FLEDGED,1,27.22950217,3.304301024
7143,2660-47508,1,4,1,,5,,4.6,,1.526056303,,6.55,1.438749457,"""12-183""",2012,HQ-N,Low,Control,2660-47389,"KP,YA",SY,17.71,10.4,2.874129452,2.341805806,10.41128047,2660-47313,"OO,YA",SY,6/18/12,170,4,6/29/12,181,4,7/8/12,190,4,FLEDGED,1,27.22950217,3.304301024
7386,2660-47655,1,4,1,,6,15.95,8.04,2.769458829,2.084429083,8.342117159,6.3575,1.70335698,"""12-185""",2012,N Ridge,High,Control,2660-47610,"OR,AO",SY,18.91,11.1,2.939690883,2.406945108,11.09325978,2640-70574,"PY,AO",SY,6/15/12,167,4,6/27/12,179,4,7/7/12,189,4,FLEDGED,1,115.5908517,4.750056816
7387,2660-47654,1,4,1,,6,13.64,5.79,2.613006652,1.756132292,7.216587529,6.3575,1.70335698,"""12-185""",2012,N Ridge,High,Control,2660-47610,"OR,AO",SY,18.91,11.1,2.939690883,2.406945108,11.09325978,2640-70574,"PY,AO",SY,6/15/12,167,4,6/27/12,179,4,7/7/12,189,4,FLEDGED,1,115.5908517,4.750056816
7388,2660-47653,1,4,1,,6,,,,,,6.3575,1.70335698,"""12-185""",2012,N Ridge,High,Control,2660-47610,"OR,AO",SY,18.91,11.1,2.939690883,2.406945108,11.09325978,2640-70574,"PY,AO",SY,6/15/12,167,4,6/27/12,179,4,7/7/12,189,4,FLEDGED,1,115.5908517,4.750056816
7389,2660-47650,1,4,1,,6,14.55,7.37,2.677590994,1.997417706,8.516238617,6.3575,1.70335698,"""12-185""",2012,N Ridge,High,Control,2660-47610,"OR,AO",SY,18.91,11.1,2.939690883,2.406945108,11.09325978,2640-70574,"PY,AO",SY,6/15/12,167,4,6/27/12,179,4,7/7/12,189,4,FLEDGED,1,115.5908517,4.750056816
7254,2660-47683,0,4,0.5,,6,16.14,8.6,2.781300663,2.151762203,8.800174328,8.55,0.655743852,"""12-188""",2012,N Ridge,High,Control,2660-47639,"YO,AK",SY,18.5,9.9,2.917770732,2.292534757,9.899585478,2660-47330,"OO,AY",SY,6/19/12,171,4,7/1/12,183,4,7/10/12,192,4,FLEDGED,2,234.5112971,5.457503762
7255,2660-47684,1,4,0.5,,6,14.83,7.7,2.696652156,2.041220329,8.700997782,8.55,0.655743852,"""12-188""",2012,N Ridge,High,Control,2660-47639,"YO,AK",SY,18.5,9.9,2.917770732,2.292534757,9.899585478,2660-47330,"OO,AY",SY,6/19/12,171,4,7/1/12,183,4,7/10/12,192,4,FLEDGED,2,234.5112971,5.457503762
7256,2660-47685,1,4,0.5,,6,18.34,9.3,2.909084467,2.2300144,8.19284416,8.55,0.655743852,"""12-188""",2012,N Ridge,High,Control,2660-47639,"YO,AK",SY,18.5,9.9,2.917770732,2.292534757,9.899585478,2660-47330,"OO,AY",SY,6/19/12,171,4,7/1/12,183,4,7/10/12,192,4,FLEDGED,2,234.5112971,5.457503762
7257,2660-47686,0,4,0.5,,6,15.89,8.6,2.765689981,2.151762203,8.962661729,8.55,0.655743852,"""12-188""",2012,N Ridge,High,Control,2660-47639,"YO,AK",SY,18.5,9.9,2.917770732,2.292534757,9.899585478,2660-47330,"OO,AY",SY,6/19/12,171,4,7/1/12,183,4,7/10/12,192,4,FLEDGED,2,234.5112971,5.457503762
7325,2660-47663,0,4,0.25,,6,17.73,8.9,2.87525812,2.186051277,8.157538466,9.45,0.550757055,"""12-189""",2012,N Ridge,High,Control,2640-70568,"GO,BA",SY,20.05,8.9,2.998229154,2.186051277,8.881172421,2660-47667,"OG,BA",SY,6/16/12,168,4,6/28/12,180,4,7/7/12,189,4,FLEDGED,1,50.78195355,3.927541046
7326,2660-47666,0,4,0.25,,6,17.78,9.7,2.87807423,2.272125886,8.861504804,9.45,0.550757055,"""12-189""",2012,N Ridge,High,Control,2640-70568,"GO,BA",SY,20.05,8.9,2.998229154,2.186051277,8.881172421,2660-47667,"OG,BA",SY,6/16/12,168,4,6/28/12,180,4,7/7/12,189,4,FLEDGED,1,50.78195355,3.927541046
7327,2660-47664,0,4,0.25,,6,16.85,9.1,2.824350657,2.208274414,8.853644203,9.45,0.550757055,"""12-189""",2012,N Ridge,High,Control,2640-70568,"GO,BA",SY,20.05,8.9,2.998229154,2.186051277,8.881172421,2660-47667,"OG,BA",SY,6/16/12,168,4,6/28/12,180,4,7/7/12,189,4,FLEDGED,1,50.78195355,3.927541046
7375,2660-47665,1,4,0.25,,6,19.08,10.1,2.948640666,2.312535424,8.494528651,9.45,0.550757055,"""12-189""",2012,N Ridge,High,Control,2640-70568,"GO,BA",SY,20.05,8.9,2.998229154,2.186051277,8.881172421,2660-47667,"OG,BA",SY,6/16/12,168,4,6/28/12,180,4,7/7/12,189,4,FLEDGED,1,50.78195355,3.927541046
7279,2660-47781,1,2,1,,6,16.02,8.56,2.773837942,2.14710019,8.836190346,8.223333333,0.626923706,"""12-190""",2012,HB-mid,High,Control,2660-47747,"GY,AR",SY,18,11.09,2.890371758,2.406043801,11.09737754,2640-70462,"GB,KA",ASY,6/21/12,173,3,7/3/12,185,3,7/12/12,194,3,FLEDGED,2,95.31663118,4.557204309
7280,2660-47782,1,2,1,,6,16.58,7.5,2.80819715,2.014903021,7.43642086,8.223333333,0.626923706,"""12-190""",2012,HB-mid,High,Control,2660-47747,"GY,AR",SY,18,11.09,2.890371758,2.406043801,11.09737754,2640-70462,"GB,KA",ASY,6/21/12,173,3,7/3/12,185,3,7/12/12,194,3,FLEDGED,2,95.31663118,4.557204309
7166,2660-47616,0,4,0.75,,6,17.32,8.6,2.851861903,2.151762203,8.101698715,8.425,0.478713554,"""12-196""",2012,HB-mid,High,Control,2660-47788,"KO,AG",SY,18.4,10.55,2.912350665,2.35612586,10.55103359,2640-70685,"RY,KA",SY,6/4/12,156,4,6/16/12,168,4,6/24/12,176,4,FLEDGED,1,98.84252421,4.593527919
7167,2660-47614,1,4,0.75,,6,,9,,2.197224577,,8.425,0.478713554,"""12-196""",2012,HB-mid,High,Control,2660-47788,"KO,AG",SY,18.4,10.55,2.912350665,2.35612586,10.55103359,2640-70685,"RY,KA",SY,6/4/12,156,4,6/16/12,168,4,6/24/12,176,4,FLEDGED,1,98.84252421,4.593527919
7168,2660-47615,1,4,0.75,,6,,7.9,,2.066862759,,8.425,0.478713554,"""12-196""",2012,HB-mid,High,Control,2660-47788,"KO,AG",SY,18.4,10.55,2.912350665,2.35612586,10.55103359,2640-70685,"RY,KA",SY,6/4/12,156,4,6/16/12,168,4,6/24/12,176,4,FLEDGED,1,98.84252421,4.593527919
7169,2660-47618,1,4,0.75,,6,,8.2,,2.104134154,,8.425,0.478713554,"""12-196""",2012,HB-mid,High,Control,2660-47788,"KO,AG",SY,18.4,10.55,2.912350665,2.35612586,10.55103359,2640-70685,"RY,KA",SY,6/4/12,156,4,6/16/12,168,4,6/24/12,176,4,FLEDGED,1,98.84252421,4.593527919
7234,2660-47516,1,4,0.5,,6,,8.3,,2.116255515,,8.525,0.434932945,"""12-213""",2012,HQ-N,Low,Fed,2660-47368,"BO,AO",SY,18.53,9.5,2.91939104,2.251291799,9.499205114,2660-47318,"GP,GA",SY,6/28/12,180,4,7/9/12,191,4,7/17/12,199,4,FLEDGED,2,393.3416194,5.974678495
7235,2660-47517,1,4,0.5,,6,,9.1,,2.208274414,,8.525,0.434932945,"""12-213""",2012,HQ-N,Low,Fed,2660-47368,"BO,AO",SY,18.53,9.5,2.91939104,2.251291799,9.499205114,2660-47318,"GP,GA",SY,6/28/12,180,4,7/9/12,191,4,7/17/12,199,4,FLEDGED,2,393.3416194,5.974678495
7236,2660-47518,0,4,0.5,,6,,8.1,,2.091864062,,8.525,0.434932945,"""12-213""",2012,HQ-N,Low,Fed,2660-47368,"BO,AO",SY,18.53,9.5,2.91939104,2.251291799,9.499205114,2660-47318,"GP,GA",SY,6/28/12,180,4,7/9/12,191,4,7/17/12,199,4,FLEDGED,2,393.3416194,5.974678495
7237,2660-47519,0,4,0.5,,6,,8.6,,2.151762203,,8.525,0.434932945,"""12-213""",2012,HQ-N,Low,Fed,2660-47368,"BO,AO",SY,18.53,9.5,2.91939104,2.251291799,9.499205114,2660-47318,"GP,GA",SY,6/28/12,180,4,7/9/12,191,4,7/17/12,199,4,FLEDGED,2,393.3416194,5.974678495
7238,2660-47520,1,4,0.25,,6,,7.7,,2.041220329,,7.775,0.499165971,"""12-218""",2012,HQ-N,Low,Control,2660-47379,"WO,AB",SY,18.41,10.5,2.912893995,2.351375257,10.50088149,2590-89771,"BO,RA",ASY,6/28/12,180,4,7/9/12,191,4,7/18/12,200,4,FLEDGED,2,329.512351,5.797613837
7239,2660-47521,0,4,0.25,,6,,8.1,,2.091864062,,7.775,0.499165971,"""12-218""",2012,HQ-N,Low,Control,2660-47379,"WO,AB",SY,18.41,10.5,2.912893995,2.351375257,10.50088149,2590-89771,"BO,RA",ASY,6/28/12,180,4,7/9/12,191,4,7/18/12,200,4,FLEDGED,2,329.512351,5.797613837
7240,2660-47522,0,4,0.25,,6,,8.2,,2.104134154,,7.775,0.499165971,"""12-218""",2012,HQ-N,Low,Control,2660-47379,"WO,AB",SY,18.41,10.5,2.912893995,2.351375257,10.50088149,2590-89771,"BO,RA",ASY,6/28/12,180,4,7/9/12,191,4,7/18/12,200,4,FLEDGED,2,329.512351,5.797613837
7241,2660-47523,0,4,0.25,,6,,7.1,,1.960094784,,7.775,0.499165971,"""12-218""",2012,HQ-N,Low,Control,2660-47379,"WO,AB",SY,18.41,10.5,2.912893995,2.351375257,10.50088149,2590-89771,"BO,RA",ASY,6/28/12,180,4,7/9/12,191,4,7/18/12,200,4,FLEDGED,2,329.512351,5.797613837
7322,2640-70753,1,3,0.66,,6,17.13,8.4,2.840831312,2.128231706,8.016253055,8.323333333,0.150443788,"""12-249""",2012,HB-main,High,Control,2640-70484,"PO,AB",SY,18.18,11.39,2.900322089,2.432735777,11.39465152,2640-70475,"GK,AO",SY,7/4/12,186,3,7/17/12,199,3,7/24/12,206,3,FLEDGED,3,121.2144778,4.79756152
7323,2640-70754,1,3,0.66,,6,17.27,8.42,2.848970892,2.130609828,7.959050012,8.323333333,0.150443788,"""12-249""",2012,HB-main,High,Control,2640-70484,"PO,AB",SY,18.18,11.39,2.900322089,2.432735777,11.39465152,2640-70475,"GK,AO",SY,7/4/12,186,3,7/17/12,199,3,7/24/12,206,3,FLEDGED,3,121.2144778,4.79756152
7324,2640-70755,0,3,0.66,,6,16.47,8.15,2.801540544,2.098017927,8.144200789,8.323333333,0.150443788,"""12-249""",2012,HB-main,High,Control,2640-70484,"PO,AB",SY,18.18,11.39,2.900322089,2.432735777,11.39465152,2640-70475,"GK,AO",SY,7/4/12,186,3,7/17/12,199,3,7/24/12,206,3,FLEDGED,3,121.2144778,4.79756152
7311,2640-70737,0,4,0.5,,6,,7.86,,2.061786606,,7.6725,0.622006163,"""12-274""",2012,HB-outer,High,Fed,2660-47703,"PP,AW",SY,17.74,11.57,2.875821977,2.448415541,11.58204376,2660-47356,"KB,AW",SY,7/4/12,186,4,7/16/12,198,4,7/24/12,206,4,FLEDGED,3,181.1371861,5.199254678
7312,2640-70738,0,4,0.5,,6,,8.38,,2.125847914,,7.6725,0.622006163,"""12-274""",2012,HB-outer,High,Fed,2660-47703,"PP,AW",SY,17.74,11.57,2.875821977,2.448415541,11.58204376,2660-47356,"KB,AW",SY,7/4/12,186,4,7/16/12,198,4,7/24/12,206,4,FLEDGED,3,181.1371861,5.199254678
7313,2640-70740,1,4,0.5,,6,,7.56,,2.02287119,,7.6725,0.622006163,"""12-274""",2012,HB-outer,High,Fed,2660-47703,"PP,AW",SY,17.74,11.57,2.875821977,2.448415541,11.58204376,2660-47356,"KB,AW",SY,7/4/12,186,4,7/16/12,198,4,7/24/12,206,4,FLEDGED,3,181.1371861,5.199254678
7314,2640-70741,1,4,0.5,,6,,6.89,,1.930071085,,7.6725,0.622006163,"""12-274""",2012,HB-outer,High,Fed,2660-47703,"PP,AW",SY,17.74,11.57,2.875821977,2.448415541,11.58204376,2660-47356,"KB,AW",SY,7/4/12,186,4,7/16/12,198,4,7/24/12,206,4,FLEDGED,3,181.1371861,5.199254678
6793,2640-70779,1,4,0.25,,6,16.01,8,2.773213527,2.079441542,8.264167439,7.875,0.68495742,"""12-285""",2012,N Ridge,High,Fed,2660-47648,"BY,AR",SY,18.98,11.1,2.943385793,2.406945108,11.09220232,2640-70555,"BO,YA",SY,7/13/12,195,4,7/24/12,206,4,8/1/12,214,4,FLEDGED,3,2310.946422,7.745412426
7350,2640-70778,0,4,0.25,,6,14.93,6.9,2.703372612,1.931521412,7.735827161,7.875,0.68495742,"""12-285""",2012,N Ridge,High,Fed,2660-47648,"BY,AR",SY,18.98,11.1,2.943385793,2.406945108,11.09220232,2640-70555,"BO,YA",SY,7/13/12,195,4,7/24/12,206,4,8/1/12,214,4,FLEDGED,3,2310.946422,7.745412426
7351,2640-70777,0,4,0.25,,6,16.75,8.1,2.818398258,2.091864062,7.935886023,7.875,0.68495742,"""12-285""",2012,N Ridge,High,Fed,2660-47648,"BY,AR",SY,18.98,11.1,2.943385793,2.406945108,11.09220232,2640-70555,"BO,YA",SY,7/13/12,195,4,7/24/12,206,4,8/1/12,214,4,FLEDGED,3,2310.946422,7.745412426
7352,2640-70776,0,4,0.25,,6,17.58,8.5,2.866761892,2.140066163,7.868873633,7.875,0.68495742,"""12-285""",2012,N Ridge,High,Fed,2660-47648,"BY,AR",SY,18.98,11.1,2.943385793,2.406945108,11.09220232,2640-70555,"BO,YA",SY,7/13/12,195,4,7/24/12,206,4,8/1/12,214,4,FLEDGED,3,2310.946422,7.745412426
6807,2660-47542,0,3,0.33,,6,16.75,8.1,2.818398258,2.091864062,7.935886023,8.066666667,0.057735027,"""12-299""",2012,HB-mid,High,Fed,2660-47780,"PP,AB",ASY,18.93,9.66,2.940747965,2.267993648,9.653870894,2660-47704,"WW,AK",SY,7/16/12,198,3,7/28/12,210,3,8/5/12,218,3,FLEDGED,3,270.1542565,5.598993116
6808,2660-47543,1,3,0.33,,6,16.16,8,2.782539053,2.079441542,8.174335886,8.066666667,0.057735027,"""12-299""",2012,HB-mid,High,Fed,2660-47780,"PP,AB",ASY,18.93,9.66,2.940747965,2.267993648,9.653870894,2660-47704,"WW,AK",SY,7/16/12,198,3,7/28/12,210,3,8/5/12,218,3,FLEDGED,3,270.1542565,5.598993116
6809,2660-47544,0,3,0.33,,6,16.71,8.1,2.816007343,2.091864062,7.958154776,8.066666667,0.057735027,"""12-299""",2012,HB-mid,High,Fed,2660-47780,"PP,AB",ASY,18.93,9.66,2.940747965,2.267993648,9.653870894,2660-47704,"WW,AK",SY,7/16/12,198,3,7/28/12,210,3,8/5/12,218,3,FLEDGED,3,270.1542565,5.598993116
6794,2640-70767,1,3,0.66,,6,15.5,6.4,2.740840024,1.85629799,6.866999022,7.566666667,1.320353488,"""12-300""",2012,N Ridge,High,Control,2640-70599,"GW,AY",SY,18.23,10.6,2.903068589,2.360854001,10.6035775,2460-32842,"WG,GA",ASY,7/13/12,195,3,7/25/12,207,3,8/4/12,217,3,FLEDGED,3,452.3010717,6.114348046
6795,2640-70783,1,3,0.66,,6,13.5,7.3,2.602689685,1.987874348,9.209317485,7.566666667,1.320353488,"""12-300""",2012,N Ridge,High,Control,2640-70599,"GW,AY",SY,18.23,10.6,2.903068589,2.360854001,10.6035775,2460-32842,"WG,GA",ASY,7/13/12,195,3,7/25/12,207,3,8/4/12,217,3,FLEDGED,3,452.3010717,6.114348046
6796,2640-70784,0,3,0.66,,6,16.71,9,2.816007343,2.197224577,8.842394196,7.566666667,1.320353488,"""12-300""",2012,N Ridge,High,Control,2640-70599,"GW,AY",SY,18.23,10.6,2.903068589,2.360854001,10.6035775,2460-32842,"WG,GA",ASY,7/13/12,195,3,7/25/12,207,3,8/4/12,217,3,FLEDGED,3,452.3010717,6.114348046
6810,2660-47545,0,3,,Y,6,16.72,8.9,2.816605608,2.186051277,8.738016418,,,"""12-301""",2012,HB-mid,High,Control,UB12-M0064,UB12-M0064,ASY,,,,,,2660-47705,"OG,OA",SY,7/17/12,199,4,7/29/12,211,2,8/7/12,220,2,FLEDGED,3,57.33615557,4.048931412
6811,2660-47546,0,3,,Y,6,16.77,9.2,2.819591576,2.219203484,9.001001618,,,"""12-301""",2012,HB-mid,High,Control,UB12-M0064,UB12-M0064,ASY,,,,,,2660-47705,"OG,OA",SY,7/17/12,199,4,7/29/12,211,2,8/7/12,220,2,FLEDGED,3,57.33615557,4.048931412
UNK16,UNK16,,3,,Y,6,,,,,,,,"""12-301""",2012,HB-mid,High,Control,UB12-M0064,UB12-M0064,ASY,,,,,,2660-47705,"OG,OA",SY,7/17/12,199,4,7/29/12,211,2,8/7/12,220,2,FLEDGED,3,57.33615557,4.048931412
UNK17,UNK17,,,,Y,6,,,,,,,,"""12-301""",2012,HB-mid,High,Control,UB12-M0064,UB12-M0064,ASY,,,,,,2660-47705,"OG,OA",SY,7/17/12,199,4,7/29/12,211,2,8/7/12,220,2,FLEDGED,3,57.33615557,4.048931412
7115,2660-47720,1,4,,Y,6,17.56,8.19,2.865623588,2.102913898,7.592012876,,,"""12-59""",2012,HB-main,High,Control,2640-70553,"RK,YA",SY,,,,,,2640-70468,"PB,GA",SY,5/31/12,152,4,6/14/12,166,3,6/22/12,174,3,FLEDGED,1,81.71455049,4.403232083
7116,2660-47721,1,4,,Y,6,16.22,8.77,2.786245049,2.171336806,8.92227817,,,"""12-59""",2012,HB-main,High,Control,2640-70553,"RK,YA",SY,,,,,,2640-70468,"PB,GA",SY,5/31/12,152,4,6/14/12,166,3,6/22/12,174,3,FLEDGED,1,81.71455049,4.403232083
7117,2660-47722,1,4,,Y,6,16.7,8.41,2.815408719,2.129421474,8.268525182,,,"""12-59""",2012,HB-main,High,Control,2640-70553,"RK,YA",SY,,,,,,2640-70468,"PB,GA",SY,5/31/12,152,4,6/14/12,166,3,6/22/12,174,3,FLEDGED,1,81.71455049,4.403232083
UNK18,UNK18,,4,,Y,6,,,,,,,,"""12-59""",2012,HB-main,High,Control,2640-70553,"RK,YA",SY,,,,,,2640-70468,"PB,GA",SY,5/31/12,152,4,6/14/12,166,3,6/22/12,174,3,FLEDGED,1,81.71455049,4.403232083
7080,2660-47366,1,3,,Y,6,,7.7,,2.041220329,,,,"""12-99""",2012,HQ-N,Low,Control,2391-68765,"RG,AR",ASY,18.34,10.1,2.909084467,2.312535424,10.10184073,2660-47352,"KY,BA",SY,5/28/12,149,4,6/9/12,161,2,6/18/12,170,1,FLEDGED,1,,
7081,2660-47367,1,3,,Y,6,,7,,1.945910149,,,,"""12-99""",2012,HQ-N,Low,Control,2391-68765,"RG,AR",ASY,18.34,10.1,2.909084467,2.312535424,10.10184073,2660-47352,"KY,BA",SY,5/28/12,149,4,6/9/12,161,2,6/18/12,170,1,FLEDGED,1,,
UNK19,UNK19,,3,,Y,6,,,,,,,,"""12-99""",2012,HQ-N,Low,Control,2391-68765,"RG,AR",ASY,18.34,10.1,2.909084467,2.312535424,10.10184073,2660-47352,"KY,BA",SY,5/28/12,149,4,6/9/12,161,2,6/18/12,170,1,FLEDGED,1,,
UNK20,UNK20,,,,Y,6,,,,,,,,"""12-99""",2012,HQ-N,Low,Control,2391-68765,"RG,AR",ASY,18.34,10.1,2.909084467,2.312535424,10.10184073,2660-47352,"KY,BA",SY,5/28/12,149,4,6/9/12,161,2,6/18/12,170,1,FLEDGED,1,,
5609,2590-89820,0,4,,Y,5,15.5,7.2,2.740840024,1.974081026,7.725373899,,,"""09-38""",2009,HQ-N,Low,Control,2590-89810,"OB,OA",SY,18.1,10.9,2.895911938,2.388762789,10.90569221,no match,UB,,6/2/09,153,4,6/14/09,165,3,6/25/09,176,3,FLEDGED,1,27.12268522,3.300370471
5610,2590-89821,0,4,,Y,5,14.05,5.8,2.642622396,1.757857918,6.982438245,,,"""09-38""",2009,HQ-N,Low,Control,2590-89810,"OB,OA",SY,18.1,10.9,2.895911938,2.388762789,10.90569221,no match,UB,,6/2/09,153,4,6/14/09,165,3,6/25/09,176,3,FLEDGED,1,27.12268522,3.300370471
5611,2590-89822,1,4,,Y,5,,6.8,,1.916922612,,,,"""09-38""",2009,HQ-N,Low,Control,2590-89810,"OB,OA",SY,18.1,10.9,2.895911938,2.388762789,10.90569221,no match,UB,,6/2/09,153,4,6/14/09,165,3,6/25/09,176,3,FLEDGED,1,27.12268522,3.300370471
UNK21,UNK21,,4,,Y,5,,,,,,,,"""09-38""",2009,HQ-N,Low,Control,2590-89810,"OB,OA",SY,18.1,10.9,2.895911938,2.388762789,10.90569221,no match,UB,,6/2/09,153,4,6/14/09,165,3,6/25/09,176,3,FLEDGED,1,27.12268522,3.300370471
5669,2590-89829,0,4,0.25,,6,16.1,7.6,2.778819272,2.028148247,7.79954786,7.175,0.613052472,"""09-117""",2009,HQ-N,Low,Control,2590-89833,"PP,OA",SY,18.45,10.9,2.91506437,2.388762789,10.90030468,no match,UB,,6/5/09,156,4,6/17/09,168,4,6/26/09,177,3,FLEDGED,1,28.1073224,3.336030126
5670,2590-89830,1,4,0.25,,6,,7.6,,2.028148247,,7.175,0.613052472,"""09-117""",2009,HQ-N,Low,Control,2590-89833,"PP,OA",SY,18.45,10.9,2.91506437,2.388762789,10.90030468,no match,UB,,6/5/09,156,4,6/17/09,168,4,6/26/09,177,3,FLEDGED,1,28.1073224,3.336030126
5671,2590-89831,0,4,0.25,,6,14.7,7.2,2.687847494,1.974081026,8.220388479,7.175,0.613052472,"""09-117""",2009,HQ-N,Low,Control,2590-89833,"PP,OA",SY,18.45,10.9,2.91506437,2.388762789,10.90030468,no match,UB,,6/5/09,156,4,6/17/09,168,4,6/26/09,177,3,FLEDGED,1,28.1073224,3.336030126
5672,2590-89832,0,4,0.25,,6,15.2,6.3,2.721295428,1.840549633,6.916328718,7.175,0.613052472,"""09-117""",2009,HQ-N,Low,Control,2590-89833,"PP,OA",SY,18.45,10.9,2.91506437,2.388762789,10.90030468,no match,UB,,6/5/09,156,4,6/17/09,168,4,6/26/09,177,3,FLEDGED,1,28.1073224,3.336030126
6107,2510-44133,1,4,1,,6,17.9,8.4,2.884800713,2.128231706,7.613621725,8.625,0.206155281,"""10-132""",2010,HB-outer,High,Control,2590-89870,"RY,KA",SY,18.41,9.66,2.912893995,2.267993648,9.660810972,no match,UB,,6/17/10,168,4,6/29/10,180,4,7/7/10,188,4,FLEDGED,1,589.0248316,6.378468342
6108,2510-44134,1,4,1,,6,17.33,8.8,2.852439104,2.174751721,8.284504123,8.625,0.206155281,"""10-132""",2010,HB-outer,High,Control,2590-89870,"RY,KA",SY,18.41,9.66,2.912893995,2.267993648,9.660810972,no match,UB,,6/17/10,168,4,6/29/10,180,4,7/7/10,188,4,FLEDGED,1,589.0248316,6.378468342
6109,2510-44135,1,4,1,,6,17.64,8.8,2.870169051,2.174751721,8.114132537,8.625,0.206155281,"""10-132""",2010,HB-outer,High,Control,2590-89870,"RY,KA",SY,18.41,9.66,2.912893995,2.267993648,9.660810972,no match,UB,,6/17/10,168,4,6/29/10,180,4,7/7/10,188,4,FLEDGED,1,589.0248316,6.378468342
6110,2510-44136,1,4,1,,6,17.37,8.5,2.85474458,2.140066163,7.980485269,8.625,0.206155281,"""10-132""",2010,HB-outer,High,Control,2590-89870,"RY,KA",SY,18.41,9.66,2.912893995,2.267993648,9.660810972,no match,UB,,6/17/10,168,4,6/29/10,180,4,7/7/10,188,4,FLEDGED,1,589.0248316,6.378468342
6037,2510-44145,1,2,1,,6,17.41,9.4,2.857044754,2.240709689,8.801718114,9.5,0.141421356,"""10-145""",2010,HQ-N,Low,Control,2510-44129,"WY,GA",ASY,17.93,10.9,2.886475288,2.388762789,10.9083477,no match,UB,,6/28/10,179,3,7/9/10,190,2,7/18/10,199,2,FLEDGED,3,,
6038,2510-44146,1,2,1,,6,17.42,9.6,2.857618971,2.261763098,8.98294131,9.5,0.141421356,"""10-145""",2010,HQ-N,Low,Control,2510-44129,"WY,GA",ASY,17.93,10.9,2.886475288,2.388762789,10.9083477,no match,UB,,6/28/10,179,3,7/9/10,190,2,7/18/10,199,2,FLEDGED,3,,